order_id,date,time,order_type,branch_code,order_items,order_price,customer_lat,customer_lon,customerHasloyalty?,distance_to_customer_KM,delivery_fee
ORDB06939,2018-08-05,15:05:54,Lunch,TP,"[('Steak', 1), ('Burger', 9), ('Salad', 2), ('Chicken', 10)]",678.4,-37.8113095,144.9476704,0,10.443,14.6034433
ORDJ06566,2018-02-15,09:31:16,Breakfast,TP,"[('Cereal', 9), ('Coffee', 2), ('Eggs', 1), ('Pancake', 7)]",395.75,-37.811221,145.0073618,0,11.672,14.0028508
ORDX02967,2018-08-31,15:56:37,Lunch,BK,"[('Fries', 9), ('Burger', 3), ('Steak', 9), ('Salad', 4)]",674.8,-37.8044157,144.9592957,0,7.884,14.3181436
ORDI08364,2018-08-11,15:16:03,Lunch,NS,"[('Salad', 1), ('Fries', 4), ('Burger', 6), ('Steak', 2), ('Chicken', 8)]",597.2,-37.8180873,144.9523156,0,10.027,17.4633525
ORDI02614,2018-11-27,18:59:09,Dinner,NS,"[('Salmon', 3), ('Fish&Chips', 10)]",473.0,-37.8261246,144.9668747,0,9.46,15.0083907
ORDY10750,2018-04-25,11:43:05,Breakfast,TP,"[('Pancake', 8), ('Cereal', 8)]",362.0,-37.8186403,144.9534633,0,8.541,11.5174185
ORDA04763,2018-01-14,08:20:16,Breakfast,BK,"[('Eggs', 6), ('Coffee', 6), ('Pancake', 5)]",298.25,-37.8109419,144.9391187,1,9.803,8.4617453
ORDZ10422,2018-01-10,08:10:08,Breakfast,NS,"[('Cereal', 4), ('Eggs', 8), ('Pancake', 5)]",381.25,-37.8139544,144.963645,1,7.971,5.7770434
ORDZ01820,2018-10-20,17:38:01,Dinner,NS,"[('Fish&Chips', 6), ('Salmon', 9)]",579.0,-37.8224711,144.9474014,0,10.006,27.09651435
ORDX07121,2018-03-09,10:11:49,Breakfast,BK,"[('Pancake', 5), ('Eggs', 2), ('Cereal', 10), ('Coffee', 2)]",390.25,-37.8157963,144.9664983,0,7.568,12.2826572
ORDJ06997,2018-04-04,11:02:32,Breakfast,TP,"[('Cereal', 1), ('Eggs', 4), ('Coffee', 8)]",169.0,-37.7990119,144.9885115,0,11.177,6.921187
ORDB06839,2018-08-19,15:36:20,Lunch,TP,"[('Chicken', 4), ('Salad', 8), ('Fries', 9)]",373.6,-37.8162255,144.9567204,0,8.272,13.2485289
ORDB01059,2018-05-26,12:43:56,Lunch,TP,"[('Salad', 5), ('Chicken', 2), ('Burger', 9)]",429.0,-37.8088698,145.0155561,0,12.666,17.0544289
ORDY02621,2018-05-13,12:23:39,Lunch,TP,"[('Salad', 9), ('Fries', 2), ('Steak', 1), ('Burger', 10)]",533.8,-37.8067646,144.9644611,0,9.073,14.180091
ORDY10998,2018-02-22,09:41:24,Breakfast,TP,"[('Coffee', 5), ('Eggs', 3), ('Cereal', 8), ('Pancake', 5)]",392.75,-37.8148312,144.937653,0,10.36,13.2122456
ORDA03865,2018-02-26,09:51:32,Breakfast,BK,"[('Eggs', 7), ('Cereal', 3)]",217.0,-37.8108708,144.9773416,0,6.356,11.0561803
ORDX07646,2018-10-02,17:07:36,Dinner,BK,"[('Salmon', 1), ('Fish&Chips', 5), ('Pasta', 2)]",271.0,-37.8233067,144.9702097,0,7.954,15.1202543
ORDZ03082,2018-03-10,10:11:49,Breakfast,NS,"[('Pancake', 5), ('Coffee', 7)]",173.75,-37.8138653,144.9618774,0,8.249,14.9597603
ORDJ09278,2018-07-14,14:25:21,Lunch,TP,"[('Burger', 3), ('Salad', 9), ('Chicken', 4)]",375.8,-37.8190538,144.953948,0,8.431,13.5473969
ORDC05769,2018-12-06,19:09:17,Dinner,NS,"[('Salmon', 8), ('Fish&Chips', 8), ('Shrimp', 1), ('Pasta', 10)]",937.0,-37.8191349,144.9543556,0,9.182,15.3460562
ORDJ04063,2018-02-14,09:21:07,Breakfast,TP,"[('Coffee', 2), ('Pancake', 7), ('Eggs', 6), ('Cereal', 8)]",484.75,-37.8257403,144.9816691,0,8.921,11.5730635
ORDA06851,2018-01-21,08:30:25,Breakfast,BK,"[('Eggs', 10), ('Coffee', 3), ('Cereal', 8)]",410.5,-37.7999683,144.9714599,0,7.582,15.0283011
ORDK09731,2018-04-12,11:22:49,Breakfast,BK,"[('Eggs', 9), ('Pancake', 3), ('Cereal', 2)]",312.75,-37.8019579,144.9430325,0,9.43,15.0501121
ORDB07701,2018-04-04,11:02:32,Breakfast,TP,"[('Pancake', 5), ('Coffee', 1), ('Eggs', 4)]",216.75,-37.8166521,144.9504549,0,9.169,12.3239935
ORDI10677,2018-03-20,10:32:06,Breakfast,NS,"[('Eggs', 1), ('Pancake', 9)]",240.25,-37.8097055,144.9596272,0,7.86,12.335282
ORDX02238,2018-08-28,15:56:37,Lunch,BK,"[('Chicken', 9), ('Salad', 5), ('Fries', 6), ('Steak', 9)]",851.0,-37.7771027,144.9604627,0,10.919,16.8791873
ORDJ05268,2018-11-12,18:28:43,Dinner,TP,"[('Fish&Chips', 2), ('Salmon', 5), ('Pasta', 7), ('Shrimp', 9)]",953.5,-37.816547,144.9703239,0,8.018,12.2131091
ORDY04830,2018-03-18,10:32:06,Breakfast,TP,"[('Cereal', 9), ('Eggs', 8)]",365.0,-37.8134528,144.9738281,0,8.601,6.3737138
ORDC09890,2018-11-14,18:28:43,Dinner,NS,"[('Salmon', 6), ('Pasta', 1)]",273.5,-37.8196346,144.9849957,0,9.081,15.332474
ORDZ09868,2018-07-16,14:25:21,Lunch,NS,"[('Salad', 5), ('Chicken', 7), ('Fries', 6), ('Steak', 1)]",427.0,-37.8218892,144.9540841,0,9.588,22.61179515
ORDA11052,2018-06-13,13:24:30,Lunch,BK,"[('Salad', 8), ('Fries', 9), ('Chicken', 9)]",533.6,-37.8119061,144.95154,0,8.561,14.6083282
ORDJ00509,2018-08-07,15:16:03,Lunch,TP,"[('Burger', 8), ('Fries', 1), ('Salad', 2), ('Chicken', 2), ('Steak', 1)]",403.4,-37.8103682,144.9609338,0,8.528,11.7179747
ORDB00607,2018-09-26,16:47:19,Dinner,TP,"[('Salmon', 4), ('Shrimp', 2), ('Fish&Chips', 1)]",307.0,-37.8209904,144.9552987,0,8.162,12.2794943
ORDJ05016,2018-10-02,17:07:36,Dinner,TP,"[('Salmon', 7), ('Fish&Chips', 8), ('Pasta', 3)]",649.5,-37.8244988,144.9526951,0,8.331,12.529203
ORDC08719,2018-07-05,14:05:04,Lunch,NS,"[('Burger', 2), ('Fries', 7), ('Chicken', 2), ('Salad', 10)]",382.0,-37.8003244,144.9604039,0,7.042,11.5696054
ORDK00576,2018-06-03,13:04:13,Lunch,BK,"[('Steak', 2), ('Salad', 3), ('Burger', 4)]",265.6,-37.8018589,144.9927696,0,5.583,13.9182007
ORDY01808,2018-05-06,12:03:22,Lunch,TP,"[('Chicken', 5), ('Steak', 6), ('Salad', 3), ('Fries', 5)]",541.6,-37.8086463,145.0009754,0,11.317,15.8635351
ORDX01357,2018-06-16,13:24:30,Lunch,BK,"[('Chicken', 2), ('Fries', 4), ('Salad', 3), ('Burger', 3), ('Steak', 5)]",481.6,-37.8209795,144.9687295,0,7.802,16.3093241
ORDA06360,2018-01-17,08:30:25,Breakfast,BK,"[('Cereal', 10), ('Pancake', 1), ('Coffee', 2), ('Eggs', 5)]",359.25,-37.8065317,144.9571102,1,8.001,6.6962148
ORDJ04748,2018-05-29,12:54:05,Lunch,TP,"[('Steak', 2), ('Chicken', 2)]",154.0,-37.8321616,144.9716488,0,8.984,12.4012527
ORDC05523,2018-04-11,11:12:40,Breakfast,NS,"[('Eggs', 9), ('Cereal', 9), ('Coffee', 10), ('Pancake', 6)]",607.5,-37.8046174,144.972319,0,6.884,11.7164666
ORDZ01046,2018-06-13,13:24:30,Lunch,NS,"[('Chicken', 2), ('Burger', 2), ('Fries', 2), ('Steak', 6), ('Salad', 3)]",471.6,-37.8010772,144.9723101,0,6.287,12.0529718
ORDX10911,2018-03-27,10:42:15,Breakfast,BK,"[('Coffee', 2), ('Cereal', 4), ('Eggs', 10)]",319.0,-37.8209249,144.9681901,0,7.803,12.6377529
ORDX03562,2018-01-15,08:20:16,Breakfast,BK,"[('Cereal', 5), ('Pancake', 4), ('Coffee', 2), ('Eggs', 8)]",393.0,-37.8071621,144.9559662,1,8.234,6.8602059
ORDY10847,2018-04-05,11:02:32,Breakfast,TP,"[('Cereal', 2), ('Eggs', 5), ('Pancake', 2), ('Coffee', 4)]",230.5,-37.8177257,144.9518751,0,8.735,11.4105085
ORDA03394,2018-09-23,16:47:19,Dinner,BK,"[('Pasta', 1), ('Shrimp', 5), ('Salmon', 1)]",338.5,-37.8090099,144.9489883,0,9.019,18.7266277
ORDC07846,2018-06-26,13:44:47,Lunch,NS,"[('Burger', 7), ('Fries', 10), ('Steak', 6)]",607.0,-37.8245718,144.984638,0,9.483,14.9517386
ORDB05535,2018-08-13,15:26:11,Lunch,TP,"[('Fries', 5), ('Chicken', 2)]",124.0,-37.8237047,144.9699591,0,8.023,11.2240113
ORDC07011,2018-09-16,16:27:02,Dinner,NS,"[('Fish&Chips', 1), ('Pasta', 4), ('Shrimp', 4)]",361.0,-37.8041735,144.9643661,0,6.956,15.0012522
ORDB02404,2018-01-23,08:40:33,Breakfast,TP,"[('Coffee', 2), ('Pancake', 5), ('Cereal', 4), ('Eggs', 7)]",374.25,-37.8172561,144.9621702,0,7.914,10.724922
ORDX09886,2018-09-02,16:06:45,Dinner,BK,"[('Shrimp', 10), ('Salmon', 2)]",622.0,-37.8148219,144.9607949,0,7.948,17.8855403
ORDB08722,2018-10-05,17:07:36,Dinner,TP,"[('Salmon', 5), ('Fish&Chips', 4)]",345.0,-37.8092433,144.9783574,0,9.294,13.0495024
ORDJ04860,2018-02-23,09:41:24,Breakfast,TP,"[('Cereal', 10), ('Coffee', 7)]",262.5,-37.8147838,144.9377043,0,10.353,12.9253283
ORDA00492,2018-05-14,12:23:39,Lunch,BK,"[('Chicken', 9), ('Burger', 7), ('Salad', 6)]",608.2,-37.8177602,144.9788454,0,6.764,12.5324928
ORDI00907,2018-03-10,10:11:49,Breakfast,NS,"[('Pancake', 8), ('Eggs', 10), ('Coffee', 4)]",444.0,-37.8046123,144.9632233,0,7.111,21.9854001
ORDI08642,2018-12-06,19:09:17,Dinner,NS,"[('Shrimp', 4), ('Salmon', 1), ('Pasta', 1)]",284.5,-37.8139422,145.015182,0,11.294,18.1406235
ORDJ04838,2018-08-12,15:26:11,Lunch,TP,"[('Steak', 2), ('Chicken', 6), ('Burger', 5), ('Salad', 10), ('Fries', 2)]",633.0,-37.8132014,144.9681995,0,8.381,13.2830146
ORDC01694,2018-12-09,19:19:26,Dinner,NS,"[('Fish&Chips', 4), ('Shrimp', 4), ('Pasta', 9)]",603.5,-37.8011213,144.9762382,0,6.669,22.2342213
ORDK05320,2018-06-08,13:14:21,Lunch,BK,"[('Chicken', 6), ('Fries', 8), ('Burger', 9), ('Steak', 5)]",792.0,-37.8040466,144.9489811,0,8.818,14.6557753
ORDB04376,2018-01-22,08:40:33,Breakfast,TP,"[('Pancake', 5), ('Cereal', 9), ('Eggs', 7)]",464.25,-37.8251688,144.9567901,0,8.103,11.0791923
ORDC03594,2018-01-20,08:30:25,Breakfast,NS,"[('Cereal', 2), ('Eggs', 2), ('Coffee', 1)]",93.5,-37.8067029,144.9588676,0,7.778,14.5612808
ORDI10299,2018-05-08,12:13:31,Lunch,NS,"[('Salad', 4), ('Burger', 6), ('Chicken', 3), ('Fries', 8)]",446.8,-37.8149873,144.9395623,0,9.775,15.5306912
ORDX09739,2018-01-21,08:40:33,Breakfast,BK,"[('Eggs', 6), ('Pancake', 10), ('Coffee', 10)]",449.5,-37.803475,144.9674719,0,7.496,14.548739
ORDB04124,2018-06-12,13:14:21,Lunch,TP,"[('Fries', 3), ('Chicken', 1), ('Salad', 9), ('Steak', 9), ('Burger', 3)]",720.8,-37.8029223,144.945531,0,10.199,6.48372905
ORDK08608,2018-01-31,09:00:50,Breakfast,BK,"[('Eggs', 4), ('Cereal', 10)]",298.0,-37.8050179,144.9678415,0,7.163,12.3762518
ORDK01979,2018-05-06,12:03:22,Lunch,BK,"[('Salad', 10), ('Burger', 1), ('Steak', 7), ('Fries', 1)]",530.0,-37.8078294,144.9340727,0,10.14,18.703831
ORDX08853,2018-02-02,09:00:50,Breakfast,BK,"[('Coffee', 2), ('Pancake', 9), ('Eggs', 6)]",365.25,-37.8171571,144.9533169,0,8.661,13.0847543
ORDC04217,2018-08-03,15:05:54,Lunch,NS,"[('Fries', 8), ('Salad', 4), ('Burger', 10)]",474.8,-37.8139101,144.9829138,0,8.409,14.1856637
ORDZ00358,2018-11-22,18:49:00,Dinner,NS,"[('Pasta', 9), ('Salmon', 9)]",616.5,-37.8101846,144.9809416,0,7.918,14.1293088
ORDB09980,2018-11-12,18:28:43,Dinner,TP,"[('Fish&Chips', 9), ('Salmon', 8), ('Pasta', 3), ('Shrimp', 8)]",1157.5,-37.8049738,144.9793394,0,10.481,14.3390656
ORDK01515,2018-06-03,13:04:13,Lunch,BK,"[('Burger', 10), ('Chicken', 8)]",566.0,-37.8051282,144.9723322,0,6.937,15.4764623
ORDZ01558,2018-01-06,08:10:08,Breakfast,NS,"[('Pancake', 6), ('Eggs', 3)]",211.5,-37.8094735,145.003438,1,9.666,12.9248799
ORDC07603,2018-10-20,17:38:01,Dinner,NS,"[('Pasta', 5), ('Salmon', 5), ('Shrimp', 2), ('Fish&Chips', 7)]",695.5,-37.8234452,144.9701705,0,9.001,17.4461956
ORDB09025,2018-06-10,13:14:21,Lunch,TP,"[('Burger', 5), ('Chicken', 8), ('Salad', 9)]",565.8,-37.813544,144.9540079,0,8.762,13.4510332
ORDJ01852,2018-11-07,18:18:35,Dinner,TP,"[('Pasta', 5), ('Fish&Chips', 6), ('Shrimp', 5), ('Salmon', 2)]",699.5,-37.8143062,144.9633537,0,7.996,12.3712506
ORDA04226,2018-05-06,12:03:22,Lunch,BK,"[('Salad', 4), ('Burger', 1), ('Fries', 10)]",219.8,-37.8034338,144.9834853,0,6.272,14.5424828
ORDK02989,2018-11-08,18:18:35,Dinner,BK,"[('Fish&Chips', 3), ('Pasta', 9), ('Shrimp', 10)]",892.5,-37.8158152,144.9651859,0,7.654,14.5450791
ORDJ09989,2018-08-02,15:05:54,Lunch,TP,"[('Chicken', 6), ('Salad', 3), ('Steak', 8)]",603.6,-37.822527,144.9739586,0,8.245,11.2821912
ORDC10226,2018-04-26,11:43:05,Breakfast,NS,"[('Pancake', 9), ('Cereal', 3), ('Eggs', 9)]",479.25,-37.8182431,144.9668061,0,8.443,13.3849746
ORDY02090,2018-12-21,19:49:51,Dinner,TP,"[('Fish&Chips', 1), ('Shrimp', 4), ('Pasta', 8)]",471.0,-37.8113568,144.9694316,0,8.707,13.1083973
ORDK07897,2018-02-12,09:21:07,Breakfast,BK,"[('Pancake', 3), ('Eggs', 6), ('Cereal', 3), ('Coffee', 3)]",290.25,-37.8153303,144.9722396,0,7.0,11.5593935
ORDB09275,2018-04-07,11:12:40,Breakfast,TP,"[('Pancake', 9), ('Eggs', 3), ('Cereal', 10)]",494.25,-37.8192593,145.0112358,0,11.633,15.5982781
ORDY05750,2018-06-11,13:14:21,Lunch,TP,"[('Burger', 8), ('Salad', 4), ('Fries', 9), ('Steak', 1), ('Chicken', 3)]",565.8,-37.8151473,144.9602956,0,8.249,12.0143545
ORDI09609,2018-12-16,19:29:34,Dinner,NS,"[('Salmon', 2), ('Fish&Chips', 10)]",432.0,-37.814417,144.9388882,0,9.731,17.5624046
ORDX02482,2018-08-24,15:46:28,Lunch,BK,"[('Burger', 7), ('Steak', 5), ('Fries', 8), ('Chicken', 6)]",730.0,-37.819759,144.9522082,0,8.89,14.1360025
ORDA07844,2018-06-27,13:54:55,Lunch,BK,"[('Fries', 8), ('Salad', 7), ('Steak', 3)]",351.4,-37.8247274,144.9848899,0,6.835,12.8220767
ORDC09689,2018-08-10,15:16:03,Lunch,NS,"[('Chicken', 10), ('Salad', 10), ('Steak', 7), ('Burger', 1), ('Fries', 3)]",874.0,-37.8178559,144.952689,0,10.588,16.2585148
ORDI08357,2018-04-07,11:12:40,Breakfast,NS,"[('Coffee', 5), ('Pancake', 9), ('Cereal', 8)]",423.75,-37.8154501,145.0130966,0,11.097,17.8118286
ORDK10043,2018-03-01,09:51:32,Breakfast,BK,"[('Eggs', 4), ('Coffee', 1), ('Cereal', 2), ('Pancake', 7)]",307.25,-37.8158563,145.0132322,0,3.956,8.7808644
ORDJ07565,2018-12-14,19:29:34,Dinner,TP,"[('Fish&Chips', 4), ('Shrimp', 3), ('Salmon', 9), ('Pasta', 3)]",753.5,-37.8201555,144.948499,0,8.93,13.275769
ORDJ06087,2018-02-07,09:10:59,Breakfast,TP,"[('Eggs', 10), ('Coffee', 6)]",265.0,-37.8230778,144.9378628,0,9.743,12.1353166
ORDK09590,2018-01-19,08:30:25,Breakfast,BK,"[('Coffee', 7), ('Eggs', 10), ('Pancake', 2)]",321.0,-37.8061196,144.9561539,0,8.358,6.6533787
ORDB08727,2018-10-14,17:27:53,Dinner,TP,"[('Pasta', 1), ('Salmon', 3), ('Fish&Chips', 1)]",185.5,-37.8149493,144.9645132,0,7.957,6.7546539
ORDK00865,2018-08-31,15:56:37,Lunch,BK,"[('Steak', 9), ('Burger', 5), ('Fries', 7), ('Salad', 2), ('Chicken', 8)]",934.4,-37.8036312,144.9623582,0,7.741,19.87124895
ORDC06781,2018-03-28,10:52:23,Breakfast,NS,"[('Pancake', 2), ('Coffee', 8), ('Cereal', 8)]",276.5,-37.8113222,145.0005072,0,9.567,14.9996631
ORDZ03240,2018-03-14,10:21:58,Breakfast,NS,"[('Coffee', 2), ('Eggs', 5)]",125.0,-37.8121427,144.9792291,0,7.996,12.7247575
ORDX10267,2018-07-16,14:25:21,Lunch,BK,"[('Burger', 6), ('Salad', 2), ('Chicken', 5), ('Steak', 2)]",470.4,-37.8002284,144.9848519,0,6.408,11.82831
ORDJ07030,2018-01-01,08:00:00,Breakfast,TP,"[('Coffee', 1), ('Pancake', 6), ('Eggs', 5), ('Cereal', 8)]",431.0,-37.8213426,144.9463561,1,9.039,3.08018005
ORDA04366,2018-01-21,08:30:25,Breakfast,BK,"[('Eggs', 3), ('Cereal', 1), ('Pancake', 6)]",232.5,-37.7999683,144.9714599,0,7.582,15.3812522
ORDA00416,2018-12-31,20:00:00,Dinner,BK,"[('Pasta', 3), ('Salmon', 8)]",410.5,-37.8040211,144.969444,0,7.163,13.5084525
ORDB08898,2018-05-14,12:23:39,Lunch,TP,"[('Fries', 2), ('Burger', 1), ('Steak', 3), ('Chicken', 5), ('Salad', 5)]",436.0,-37.7992455,144.9591676,0,9.931,13.2987448
ORDY03492,2018-04-21,11:32:57,Breakfast,TP,"[('Pancake', 6), ('Coffee', 9), ('Cereal', 6)]",339.0,-37.8188927,144.9530801,0,8.534,13.0067816
ORDA01988,2018-08-13,15:26:11,Lunch,BK,"[('Chicken', 8), ('Salad', 7), ('Burger', 5), ('Fries', 7)]",615.4,-37.8248015,144.9690242,0,8.198,14.1636936
ORDA10848,2018-07-09,14:15:12,Lunch,BK,"[('Steak', 4), ('Salad', 5)]",266.0,-37.8245142,144.9827184,0,7.044,12.5633968
ORDC09802,2018-07-09,14:15:12,Lunch,NS,"[('Fries', 2), ('Chicken', 6), ('Salad', 6)]",319.2,-37.8030732,144.9631453,0,7.009,12.4633782
ORDZ00606,2018-07-05,14:05:04,Lunch,NS,"[('Burger', 3), ('Steak', 7), ('Fries', 7)]",492.0,-37.812075,144.9885087,0,8.671,13.5551874
ORDJ00003,2018-09-28,16:57:27,Dinner,TP,"[('Shrimp', 5), ('Fish&Chips', 5), ('Salmon', 10), ('Pasta', 3)]",937.5,-37.800178,144.948563,0,10.338,13.9957236
ORDX09160,2018-08-21,15:36:20,Lunch,BK,"[('Steak', 7), ('Salad', 1), ('Chicken', 9), ('Fries', 9), ('Burger', 1)]",759.2,-37.8142545,144.9357958,0,10.171,16.1506899
ORDX08780,2018-11-12,18:28:43,Dinner,BK,"[('Fish&Chips', 3), ('Pasta', 7)]",297.5,-37.8127376,144.9567887,0,8.144,14.7252037
ORDJ10894,2018-02-09,09:10:59,Breakfast,TP,"[('Coffee', 9), ('Eggs', 9), ('Cereal', 9), ('Pancake', 7)]",624.25,-37.8148453,144.9688857,0,8.183,11.0417386
ORDJ05192,2018-05-14,12:23:39,Lunch,TP,"[('Salad', 8), ('Burger', 4), ('Steak', 1)]",306.6,-37.8054923,144.9436642,0,10.203,13.4429843
ORDJ06002,2018-06-17,13:34:38,Lunch,TP,"[('Salad', 9), ('Chicken', 8), ('Fries', 6), ('Burger', 4)]",606.8,-37.8097389,144.9463419,0,9.72,14.6407504
ORDI03961,2018-11-01,18:08:27,Dinner,NS,"[('Pasta', 1), ('Salmon', 1)]",68.5,-37.8216927,144.9898741,0,9.51,15.3578225
ORDA05874,2018-06-25,13:44:47,Lunch,BK,"[('Chicken', 9), ('Fries', 4), ('Salad', 4)]",404.8,-37.8241714,144.9837984,0,6.942,12.7542404
ORDK00706,2018-08-27,15:46:28,Lunch,BK,"[('Fries', 8), ('Chicken', 8), ('Salad', 1), ('Burger', 7), ('Steak', 6)]",856.2,-37.8199328,144.9323719,0,10.676,16.2426841
ORDX02916,2018-05-08,12:13:31,Lunch,BK,"[('Steak', 9), ('Burger', 10), ('Fries', 4), ('Salad', 7)]",883.4,-37.8048808,144.9705639,0,7.107,13.3517267
ORDJ06535,2018-09-25,16:47:19,Dinner,TP,"[('Fish&Chips', 6), ('Pasta', 4)]",320.0,-37.823145,144.9781905,0,8.271,12.6846275
ORDJ08536,2018-07-28,14:55:46,Lunch,TP,"[('Chicken', 10), ('Burger', 10), ('Salad', 5), ('Steak', 6), ('Fries', 2)]",1010.0,-37.8139932,144.9601685,0,8.344,13.6135602
ORDZ10169,2018-11-10,18:18:35,Dinner,NS,"[('Pasta', 8), ('Fish&Chips', 4), ('Salmon', 1)]",401.0,-37.8197173,145.0108716,0,11.096,18.809316
ORDI07108,2018-08-06,15:05:54,Lunch,NS,"[('Chicken', 8), ('Salad', 5)]",342.0,-37.81352,144.9685284,0,7.712,13.2259955
ORDJ03207,2018-07-15,14:25:21,Lunch,TP,"[('Steak', 2), ('Salad', 9)]",244.8,-37.8158995,144.9852018,0,9.404,14.4174162
ORDX07281,2018-04-08,11:12:40,Breakfast,BK,"[('Cereal', 8), ('Eggs', 8), ('Pancake', 6), ('Coffee', 3)]",512.0,-37.8177016,144.9672078,0,7.453,14.9283576
ORDI05154,2018-12-22,19:49:51,Dinner,NS,"[('Salmon', 9), ('Shrimp', 10), ('Pasta', 3)]",991.5,-37.8057028,144.9675183,0,6.834,15.0362872
ORDJ00705,2018-05-29,12:54:05,Lunch,TP,"[('Fries', 9), ('Steak', 8), ('Burger', 1), ('Chicken', 7)]",723.0,-37.8168514,144.9881541,0,9.57,12.8199524
ORDY05464,2018-03-10,10:11:49,Breakfast,TP,"[('Pancake', 1), ('Eggs', 4), ('Coffee', 4)]",142.25,-37.8232068,144.9763573,0,8.129,12.4404635
ORDK00526,2018-11-18,18:38:52,Dinner,BK,"[('Pasta', 10), ('Salmon', 5), ('Fish&Chips', 3), ('Shrimp', 6)]",909.0,-37.8101225,144.996586,0,4.437,13.7359214
ORDB10345,2018-02-03,09:00:50,Breakfast,TP,"[('Cereal', 4), ('Pancake', 2), ('Coffee', 7), ('Eggs', 5)]",295.0,-37.8095353,144.9558206,0,8.929,19.89049995
ORDC05814,2018-06-11,13:14:21,Lunch,NS,"[('Fries', 2), ('Steak', 2), ('Salad', 5)]",200.0,-37.8206696,144.9411187,0,10.107,15.6498938
ORDA07707,2018-08-15,15:26:11,Lunch,BK,"[('Burger', 10), ('Chicken', 2), ('Salad', 3), ('Fries', 10)]",545.6,-37.8215272,145.0018593,0,4.962,10.3758144
ORDJ06841,2018-11-06,18:18:35,Dinner,TP,"[('Pasta', 10), ('Salmon', 5), ('Shrimp', 10), ('Fish&Chips', 8)]",1300.0,-37.8190727,144.9821923,0,8.964,13.0103717
ORDY10421,2018-05-27,12:43:56,Lunch,TP,"[('Steak', 9), ('Chicken', 3), ('Salad', 3), ('Burger', 6)]",738.6,-37.8196171,144.9791999,0,8.703,13.1610019
ORDB00311,2018-09-03,16:06:45,Dinner,TP,"[('Pasta', 9), ('Shrimp', 8), ('Fish&Chips', 2), ('Salmon', 4)]",913.5,-37.8088453,144.9838917,0,9.689,14.1235568
ORDK07390,2018-06-23,13:44:47,Lunch,BK,"[('Steak', 4), ('Salad', 6), ('Chicken', 6), ('Fries', 4), ('Burger', 3)]",616.2,-37.7987369,144.9822053,0,6.738,14.9448319
ORDY00931,2018-04-12,11:22:49,Breakfast,TP,"[('Cereal', 1), ('Coffee', 2), ('Pancake', 10), ('Eggs', 5)]",388.5,-37.8099666,144.9645969,0,8.617,11.5280444
ORDA09913,2018-09-07,16:16:54,Dinner,BK,"[('Pasta', 7), ('Shrimp', 8), ('Fish&Chips', 6), ('Salmon', 9)]",1203.5,-37.8205277,144.9767417,0,7.227,14.6403949
ORDX09636,2018-11-09,18:18:35,Dinner,BK,"[('Shrimp', 9), ('Salmon', 7)]",773.0,-37.8240477,144.9568801,0,9.159,16.2138072
ORDZ01231,2018-12-28,20:00:00,Dinner,NS,"[('Shrimp', 10), ('Pasta', 2), ('Salmon', 3)]",718.0,-37.8047445,144.9837319,0,7.752,6.8284263
ORDI07343,2018-02-02,09:00:50,Breakfast,NS,"[('Eggs', 9), ('Coffee', 2), ('Pancake', 3)]",285.75,-37.8109193,144.9970542,0,9.25,14.0566926
ORDX05691,2018-12-10,19:19:26,Dinner,BK,"[('Pasta', 2), ('Shrimp', 2), ('Fish&Chips', 3)]",268.0,-37.8204423,144.9640738,0,7.981,14.4556564
ORDJ05637,2018-12-24,19:49:51,Dinner,TP,"[('Shrimp', 1), ('Pasta', 4), ('Fish&Chips', 4)]",304.0,-37.8220691,144.969616,0,7.846,12.4307034
ORDZ09331,2018-08-13,15:26:11,Lunch,NS,"[('Chicken', 5), ('Salad', 1), ('Steak', 7), ('Burger', 6)]",678.2,-37.8248015,144.9690242,0,9.217,14.3861589
ORDZ05996,2018-09-05,16:06:45,Dinner,NS,"[('Fish&Chips', 7), ('Salmon', 4)]",409.0,-37.8242357,144.9584232,0,9.541,15.5642116
ORDX06839,2018-04-06,11:02:32,Breakfast,BK,"[('Pancake', 7), ('Eggs', 8), ('Cereal', 5), ('Coffee', 4)]",480.75,-37.8143648,144.9664884,0,7.479,12.6099636
ORDK03930,2018-05-26,12:43:56,Lunch,BK,"[('Chicken', 1), ('Burger', 10), ('Steak', 6), ('Salad', 10), ('Fries', 2)]",808.0,-37.8180775,145.0140264,0,4.248,12.3061703
ORDC09180,2018-12-19,19:39:43,Dinner,NS,"[('Salmon', 8), ('Fish&Chips', 5), ('Shrimp', 9)]",989.0,-37.821115,144.9548862,0,9.432,15.620437
ORDK09381,2018-05-18,12:33:48,Lunch,BK,"[('Steak', 8), ('Fries', 3)]",396.0,-37.8191448,144.9974376,0,5.173,10.8145443
ORDJ08520,2018-08-08,15:16:03,Lunch,TP,"[('Steak', 4), ('Burger', 6), ('Salad', 7), ('Chicken', 9)]",774.4,-37.8064414,144.9413287,0,10.325,13.4037368
ORDZ05291,2018-03-12,10:11:49,Breakfast,NS,"[('Eggs', 5), ('Coffee', 10), ('Cereal', 6)]",311.0,-37.8062378,144.9593026,0,7.653,12.6965006
ORDX09468,2018-03-24,10:42:15,Breakfast,BK,"[('Cereal', 9), ('Coffee', 2), ('Pancake', 10), ('Eggs', 4)]",534.5,-37.8200337,145.0158648,0,4.608,11.8637653
ORDZ03941,2018-02-07,09:10:59,Breakfast,NS,"[('Coffee', 8), ('Eggs', 4)]",148.0,-37.822107,144.9383885,0,10.591,15.2391419
ORDK05550,2018-09-08,16:16:54,Dinner,BK,"[('Pasta', 6), ('Shrimp', 4), ('Salmon', 8)]",709.0,-37.8086589,144.9259279,0,11.001,20.8484655
ORDY06808,2018-07-28,14:55:46,Lunch,TP,"[('Chicken', 10), ('Salad', 10), ('Fries', 3), ('Burger', 5)]",683.0,-37.7973464,144.9689413,0,10.259,14.9411333
ORDX08274,2018-05-16,12:23:39,Lunch,BK,"[('Fries', 4), ('Steak', 1), ('Burger', 2)]",155.0,-37.8059281,144.9389586,0,9.664,15.430221
ORDB00078,2018-11-12,18:28:43,Dinner,TP,"[('Shrimp', 3), ('Fish&Chips', 10)]",512.0,-37.814691,144.9576895,0,8.303,12.2995056
ORDB09862,2018-12-06,19:09:17,Dinner,TP,"[('Shrimp', 4), ('Salmon', 5), ('Pasta', 2)]",476.0,-37.8191898,144.9541886,0,8.396,13.1158788
ORDB02122,2018-10-27,17:58:18,Dinner,TP,"[('Pasta', 7), ('Salmon', 5), ('Fish&Chips', 9)]",712.5,-37.8158734,144.9996785,0,10.76,16.2761199
ORDX04395,2018-07-01,13:54:55,Lunch,BK,"[('Salad', 9), ('Fries', 4), ('Steak', 5), ('Burger', 3), ('Chicken', 3)]",616.8,-37.8005905,144.9395035,0,9.803,18.7023063
ORDK01699,2018-10-01,17:07:36,Dinner,BK,"[('Salmon', 10), ('Pasta', 6), ('Shrimp', 3), ('Fish&Chips', 4)]",877.0,-37.8040237,144.9334558,0,10.19,16.9677701
ORDX04999,2018-12-05,19:09:17,Dinner,BK,"[('Salmon', 10), ('Fish&Chips', 2)]",480.0,-37.8243231,144.9480425,0,9.34,16.5756309
ORDK09959,2018-08-07,15:16:03,Lunch,BK,"[('Steak', 10), ('Chicken', 1), ('Burger', 2), ('Salad', 4), ('Fries', 5)]",672.8,-37.812384,144.9539514,0,8.319,14.3424987
ORDZ09052,2018-01-19,08:30:25,Breakfast,NS,"[('Coffee', 6), ('Eggs', 10), ('Cereal', 9)]",454.0,-37.8226595,144.9555173,0,9.531,7.50511525
ORDY05507,2018-04-05,11:02:32,Breakfast,TP,"[('Pancake', 10), ('Cereal', 7), ('Eggs', 8), ('Coffee', 2)]",580.5,-37.8189711,144.9519944,0,8.649,11.4625757
ORDX01961,2018-12-03,19:09:17,Dinner,BK,"[('Salmon', 4), ('Fish&Chips', 8), ('Shrimp', 4), ('Pasta', 3)]",742.5,-37.8143336,145.0144589,0,4.445,10.8906027
ORDK07435,2018-08-24,15:46:28,Lunch,BK,"[('Chicken', 1), ('Salad', 7), ('Fries', 1)]",164.4,-37.8145573,144.9344793,0,10.295,16.27164
ORDY04240,2018-02-06,09:10:59,Breakfast,TP,"[('Coffee', 8), ('Pancake', 6)]",205.5,-37.8070658,144.9555582,0,9.208,5.78235325
ORDJ00354,2018-02-22,09:41:24,Breakfast,TP,"[('Coffee', 3), ('Pancake', 8), ('Cereal', 10), ('Eggs', 10)]",646.5,-37.8024438,145.0139305,0,12.881,15.0452508
ORDX10535,2018-08-01,14:55:46,Lunch,BK,"[('Salad', 10), ('Chicken', 1)]",204.0,-37.7991014,144.9725761,0,7.554,13.2603667
ORDZ04509,2018-02-19,09:31:16,Breakfast,NS,"[('Cereal', 4), ('Coffee', 1), ('Pancake', 7)]",261.25,-37.807166,144.946179,0,8.883,13.4449222
ORDX10472,2018-12-16,19:29:34,Dinner,BK,"[('Pasta', 6), ('Salmon', 1)]",206.0,-37.8246356,144.9466172,0,9.606,18.8121233
ORDJ04818,2018-07-24,14:45:38,Lunch,TP,"[('Fries', 6), ('Salad', 6)]",175.2,-37.8141716,144.9732159,0,8.581,12.7551408
ORDZ03945,2018-05-15,12:23:39,Lunch,NS,"[('Salad', 6), ('Burger', 5), ('Steak', 5), ('Chicken', 7)]",707.2,-37.8081849,144.9687701,0,6.971,12.5832901
ORDY01055,2018-09-14,16:27:02,Dinner,TP,"[('Fish&Chips', 2), ('Pasta', 7)]",262.5,-37.8022725,144.9430262,0,10.47,7.4577543
ORDI08323,2018-08-18,15:36:20,Lunch,NS,"[('Burger', 7), ('Fries', 5), ('Chicken', 9)]",565.0,-37.813288,145.0104152,0,10.577,17.7531145
ORDB01539,2018-11-17,18:38:52,Dinner,TP,"[('Pasta', 7), ('Fish&Chips', 8), ('Salmon', 1), ('Shrimp', 5)]",783.5,-37.7989278,144.9692712,0,10.135,15.4548459
ORDA07040,2018-03-22,10:32:06,Breakfast,BK,"[('Pancake', 6), ('Cereal', 7)]",292.5,-37.8178333,144.9621506,0,7.941,12.9672851
ORDI08032,2018-06-27,13:44:47,Lunch,NS,"[('Fries', 2), ('Salad', 1), ('Chicken', 3), ('Burger', 8)]",385.2,-37.80942,144.9518797,0,8.442,14.1932518
ORDY09548,2018-07-20,14:35:29,Lunch,TP,"[('Chicken', 5), ('Fries', 5), ('Burger', 4)]",344.0,-37.8155909,144.95264,0,8.773,11.7522144
ORDA07011,2018-04-20,11:32:57,Breakfast,BK,"[('Coffee', 6), ('Cereal', 5), ('Pancake', 7)]",319.75,-37.8048531,144.9252837,0,10.942,16.30815
ORDA01522,2018-01-30,08:50:42,Breakfast,BK,"[('Pancake', 1), ('Coffee', 5)]",61.75,-37.8133288,144.9627191,0,7.713,12.5332729
ORDA09365,2018-08-10,15:16:03,Lunch,BK,"[('Salad', 3), ('Fries', 3)]",87.6,-37.7990915,144.9633416,0,8.224,13.9505972
ORDJ02294,2018-07-07,14:15:12,Lunch,TP,"[('Burger', 1), ('Salad', 1), ('Fries', 10)]",168.2,-37.8056975,144.9414091,0,10.417,14.6463703
ORDX07989,2018-09-27,16:57:27,Dinner,BK,"[('Pasta', 4), ('Salmon', 2), ('Shrimp', 3), ('Fish&Chips', 7)]",599.0,-37.7997769,144.9655272,0,7.954,14.9818195
ORDA04684,2018-08-03,15:05:54,Lunch,BK,"[('Salad', 5), ('Fries', 1)]",98.0,-37.8165878,144.9876587,0,5.803,11.5722217
ORDY10477,2018-09-30,16:57:27,Dinner,TP,"[('Pasta', 8), ('Fish&Chips', 10), ('Salmon', 2), ('Shrimp', 2)]",760.0,-37.8243311,144.9904826,0,9.627,14.8230756
ORDZ02257,2018-03-01,09:51:32,Breakfast,NS,"[('Pancake', 4), ('Cereal', 2)]",139.0,-37.8207456,144.9688791,0,8.882,20.45438475
ORDC08907,2018-03-28,10:42:15,Breakfast,NS,"[('Coffee', 2), ('Eggs', 6), ('Cereal', 2)]",189.0,-37.8144465,144.9619518,0,8.188,13.4029449
ORDX07548,2018-12-02,19:09:17,Dinner,BK,"[('Shrimp', 8), ('Pasta', 6)]",597.0,-37.8137335,144.9721162,0,7.008,16.4944828
ORDI06953,2018-12-24,19:49:51,Dinner,NS,"[('Salmon', 7), ('Pasta', 2), ('Shrimp', 3)]",504.0,-37.8229212,144.9874797,0,9.478,15.7560937
ORDJ01483,2018-05-19,12:33:48,Lunch,TP,"[('Steak', 8), ('Chicken', 10), ('Fries', 5), ('Salad', 5)]",826.0,-37.8094815,145.0100269,0,12.256,16.2612183
ORDC03053,2018-02-01,09:00:50,Breakfast,NS,"[('Coffee', 1), ('Pancake', 7), ('Eggs', 8)]",353.25,-37.8147463,144.955716,0,8.523,13.4872475
ORDI07960,2018-03-30,10:52:23,Breakfast,NS,"[('Coffee', 7), ('Eggs', 4), ('Pancake', 8), ('Cereal', 9)]",523.5,-37.8142526,144.9630923,0,8.09,13.0982255
ORDI02326,2018-02-27,09:51:32,Breakfast,NS,"[('Pancake', 6), ('Cereal', 7), ('Eggs', 7), ('Coffee', 4)]",476.5,-37.8097621,144.97591,0,7.787,12.8422955
ORDA01847,2018-06-08,13:14:21,Lunch,BK,"[('Chicken', 3), ('Fries', 6), ('Burger', 7)]",385.0,-37.8040165,144.9502167,0,8.73,14.6549865
ORDI03720,2018-10-02,17:07:36,Dinner,NS,"[('Salmon', 7), ('Shrimp', 10), ('Pasta', 2)]",882.0,-37.8135169,144.9855861,0,8.618,15.0071767
ORDJ07578,2018-09-28,16:57:27,Dinner,TP,"[('Shrimp', 8), ('Fish&Chips', 5)]",607.0,-37.8021222,144.9482339,0,10.117,14.4262605
ORDC09061,2018-05-18,12:33:48,Lunch,NS,"[('Fries', 10), ('Burger', 10), ('Salad', 1), ('Steak', 10)]",897.2,-37.8131241,144.969407,0,7.662,13.0934339
ORDJ06662,2018-04-26,11:43:05,Breakfast,TP,"[('Coffee', 1), ('Cereal', 2), ('Pancake', 2), ('Eggs', 1)]",120.0,-37.8183378,144.9652802,0,7.541,10.47331
ORDZ08087,2018-01-05,08:00:00,Breakfast,NS,"[('Cereal', 9), ('Pancake', 9), ('Coffee', 2), ('Eggs', 2)]",466.25,-37.821418,144.9614566,1,9.076,6.7633159
ORDC08368,2018-03-21,10:32:06,Breakfast,NS,"[('Coffee', 3), ('Pancake', 10)]",265.0,-37.81405,144.9601946,0,8.186,12.861657
ORDX02124,2018-01-13,08:20:16,Breakfast,BK,"[('Cereal', 5), ('Coffee', 9)]",172.5,-37.801354,144.9463284,1,9.183,12.910251899999999
ORDJ02222,2018-11-13,18:28:43,Dinner,TP,"[('Salmon', 2), ('Shrimp', 9)]",568.0,-37.8011344,144.9617028,0,9.66,20.66245695
ORDY07944,2018-12-17,19:39:43,Dinner,TP,"[('Pasta', 6), ('Salmon', 9), ('Shrimp', 3)]",696.0,-37.8062781,144.9488733,0,9.657,13.6681821
ORDZ03348,2018-11-24,18:49:00,Dinner,NS,"[('Shrimp', 4), ('Fish&Chips', 3), ('Pasta', 1)]",348.5,-37.8134753,144.9405227,0,9.58,17.1935019
ORDA01281,2018-05-30,12:54:05,Lunch,BK,"[('Salad', 9), ('Chicken', 4), ('Fries', 9)]",390.8,-37.8004794,144.9581878,0,8.3,13.9427916
ORDB10009,2018-04-19,11:32:57,Breakfast,TP,"[('Cereal', 5), ('Coffee', 5), ('Pancake', 10), ('Eggs', 6)]",517.0,-37.8134281,144.973646,0,8.619,11.537143
ORDX09622,2018-05-30,12:54:05,Lunch,BK,"[('Salad', 5), ('Steak', 3)]",221.0,-37.8213016,144.9575809,0,8.463,14.7823593
ORDJ04972,2018-02-06,09:10:59,Breakfast,TP,"[('Coffee', 6), ('Cereal', 4), ('Pancake', 9), ('Eggs', 7)]",501.25,-37.8245676,144.9890104,0,9.236,12.1539649
ORDK09419,2018-11-06,18:08:27,Dinner,BK,"[('Salmon', 3), ('Fish&Chips', 1), ('Pasta', 2), ('Shrimp', 8)]",645.0,-37.8151638,144.9636136,0,7.761,14.6168332
ORDJ10789,2018-12-05,19:09:17,Dinner,TP,"[('Shrimp', 6), ('Salmon', 6)]",570.0,-37.8243231,144.9480425,0,8.895,12.9956307
ORDX02851,2018-02-20,09:31:16,Breakfast,BK,"[('Cereal', 6), ('Coffee', 7), ('Pancake', 8), ('Eggs', 6)]",504.5,-37.8025333,144.954166,0,8.398,13.1206312
ORDA06513,2018-03-31,10:52:23,Breakfast,BK,"[('Cereal', 8), ('Coffee', 3), ('Eggs', 6)]",322.5,-37.815038,144.9585529,0,8.185,16.3340539
ORDK08575,2018-05-24,12:43:56,Lunch,BK,"[('Fries', 2), ('Salad', 2), ('Burger', 4), ('Steak', 10), ('Chicken', 10)]",952.4,-37.8221817,144.9785721,0,7.055,12.72886
ORDI07455,2018-01-07,08:10:08,Breakfast,NS,"[('Eggs', 9), ('Pancake', 5)]",319.25,-37.81321,144.9375063,1,10.059,8.3980555
ORDJ01683,2018-08-30,15:56:37,Lunch,TP,"[('Steak', 1), ('Fries', 2), ('Chicken', 5), ('Salad', 8)]",366.6,-37.8077414,144.9397185,0,10.27,13.433155
ORDK10793,2018-05-27,12:43:56,Lunch,BK,"[('Salad', 7), ('Burger', 4), ('Chicken', 6), ('Steak', 1), ('Fries', 7)]",565.4,-37.8211419,145.0153879,0,4.523,12.7649763
ORDC08312,2018-03-28,10:52:23,Breakfast,NS,"[('Eggs', 5), ('Pancake', 3), ('Coffee', 1), ('Cereal', 4)]",274.25,-37.8128878,144.9641366,0,7.841,12.7597417
ORDK06146,2018-12-08,19:19:26,Dinner,BK,"[('Pasta', 6), ('Fish&Chips', 4), ('Shrimp', 6), ('Salmon', 8)]",957.0,-37.8201146,144.9522794,0,8.931,18.1481446
ORDK00897,2018-03-05,10:01:41,Breakfast,BK,"[('Coffee', 9), ('Cereal', 10), ('Eggs', 10), ('Pancake', 4)]",594.5,-37.8173539,144.9734986,0,7.152,12.0843466
ORDA10419,2018-01-19,08:30:25,Breakfast,BK,"[('Coffee', 9), ('Pancake', 9)]",285.75,-37.8221192,144.9568128,0,8.545,13.1384658
ORDK01031,2018-06-25,13:44:47,Lunch,BK,"[('Chicken', 9), ('Fries', 1)]",300.0,-37.8242,144.9832969,0,6.995,12.7741527
ORDC06648,2018-07-25,14:45:38,Lunch,NS,"[('Fries', 7), ('Chicken', 6), ('Steak', 4), ('Salad', 1)]",473.2,-37.8185887,144.968064,0,8.422,14.0484552
ORDA06850,2018-09-18,16:37:10,Dinner,BK,"[('Fish&Chips', 7), ('Shrimp', 8), ('Salmon', 6), ('Pasta', 1)]",950.5,-37.8157534,145.0032195,0,4.305,10.6410664
ORDJ06388,2018-09-15,16:27:02,Dinner,TP,"[('Shrimp', 10), ('Pasta', 7), ('Salmon', 7), ('Fish&Chips', 4)]",1159.5,-37.8149995,144.9360903,0,10.569,16.7521431
ORDI03386,2018-12-11,19:19:26,Dinner,NS,"[('Pasta', 2), ('Shrimp', 4), ('Fish&Chips', 9)]",586.0,-37.8152039,144.9364924,0,9.954,15.4260999
ORDX00757,2018-08-18,15:36:20,Lunch,BK,"[('Fries', 6), ('Burger', 9), ('Steak', 9), ('Salad', 5)]",842.0,-37.808432,144.9716374,0,6.726,14.9114233
ORDC03093,2018-07-20,14:35:29,Lunch,NS,"[('Burger', 2), ('Fries', 6)]",134.0,-37.8225174,144.9547037,0,9.633,23.1220755
ORDI05379,2018-03-13,10:21:58,Breakfast,NS,"[('Pancake', 6), ('Coffee', 10)]",220.5,-37.821922,144.9737985,0,9.138,14.4120576
ORDK02602,2018-10-06,17:07:36,Dinner,BK,"[('Shrimp', 2), ('Salmon', 9)]",477.0,-37.8070567,144.985559,0,5.672,14.662394
ORDZ01831,2018-08-14,15:26:11,Lunch,NS,"[('Steak', 9), ('Salad', 5)]",491.0,-37.8233877,145.0002961,0,10.574,16.1591967
ORDK06701,2018-02-05,09:10:59,Breakfast,BK,"[('Pancake', 8), ('Coffee', 8)]",254.0,-37.8050491,144.925635,0,10.95,16.514262
ORDJ03225,2018-12-02,19:09:17,Dinner,TP,"[('Salmon', 1), ('Fish&Chips', 9)]",356.0,-37.8154799,144.9642022,0,7.966,13.9500043
ORDZ01036,2018-12-16,19:29:34,Dinner,NS,"[('Fish&Chips', 10), ('Shrimp', 7), ('Pasta', 3), ('Salmon', 9)]",1179.5,-37.8243813,144.9443662,0,10.507,17.8973579
ORDI10503,2018-10-06,17:07:36,Dinner,NS,"[('Fish&Chips', 3), ('Pasta', 9), ('Shrimp', 6), ('Salmon', 6)]",922.5,-37.8243775,144.9824891,0,9.319,17.9456453
ORDJ05536,2018-06-19,13:34:38,Lunch,TP,"[('Chicken', 7), ('Burger', 4), ('Steak', 5), ('Fries', 2)]",597.0,-37.825964,145.00476,0,10.989,14.6225542
ORDJ10361,2018-02-05,09:00:50,Breakfast,TP,"[('Eggs', 3), ('Pancake', 7)]",235.75,-37.8197689,145.0106559,0,11.542,13.551836
ORDC09896,2018-04-24,11:43:05,Breakfast,NS,"[('Eggs', 5), ('Coffee', 2)]",125.0,-37.8187746,144.9533585,0,9.223,14.2448703
ORDJ01966,2018-03-24,10:42:15,Breakfast,TP,"[('Eggs', 6), ('Cereal', 7), ('Coffee', 3)]",301.5,-37.8123572,144.9540342,0,8.853,6.35013045
ORDY04841,2018-04-30,11:53:14,Breakfast,TP,"[('Cereal', 8), ('Pancake', 1), ('Coffee', 7)]",244.75,-37.8211908,144.9760202,0,8.454,11.7259622
ORDZ04359,2018-04-02,11:02:32,Breakfast,NS,"[('Coffee', 6), ('Eggs', 1), ('Pancake', 10), ('Cereal', 10)]",519.5,-37.8122909,144.9840426,0,8.348,13.5866239
ORDX04011,2018-07-30,14:55:46,Lunch,BK,"[('Fries', 7), ('Chicken', 1)]",116.0,-37.802619,145.0018079,0,5.167,11.1777512
ORDK08127,2018-09-10,16:16:54,Dinner,BK,"[('Shrimp', 4), ('Pasta', 8), ('Fish&Chips', 4)]",576.0,-37.8071804,144.996243,0,4.918,11.9685835
ORDY10438,2018-01-01,08:00:00,Breakfast,TP,"[('Cereal', 6), ('Pancake', 7)]",295.75,-37.8240192,144.9848752,1,8.861,5.8293109
ORDK04688,2018-09-03,16:06:45,Dinner,BK,"[('Fish&Chips', 3), ('Salmon', 10)]",515.0,-37.8148086,144.9357019,0,10.257,17.4676398
ORDC04535,2018-06-24,13:44:47,Lunch,NS,"[('Salad', 2), ('Steak', 1), ('Chicken', 2)]",143.4,-37.8059384,144.9748155,0,7.179,14.5873758
ORDJ06587,2018-11-18,18:38:52,Dinner,TP,"[('Salmon', 9), ('Fish&Chips', 5), ('Shrimp', 7), ('Pasta', 2)]",977.0,-37.8188896,145.0072889,0,11.28,8.0474369
ORDB02301,2018-02-01,09:00:50,Breakfast,TP,"[('Coffee', 2), ('Pancake', 2)]",63.5,-37.8029623,144.9290447,0,11.438,13.4793356
ORDJ06056,2018-07-19,14:35:29,Lunch,TP,"[('Burger', 3), ('Steak', 6), ('Chicken', 1), ('Fries', 7), ('Salad', 6)]",582.2,-37.8223814,144.9681832,0,7.88,16.4370501
ORDY07253,2018-03-05,10:01:41,Breakfast,TP,"[('Pancake', 10), ('Cereal', 6), ('Coffee', 9), ('Eggs', 5)]",546.0,-37.7901033,144.9372857,0,12.207,14.3726841
ORDX01264,2018-07-26,14:45:38,Lunch,BK,"[('Salad', 6), ('Steak', 5)]",328.2,-37.8164821,144.9648943,0,7.71,13.6091138
ORDA11047,2018-05-30,12:54:05,Lunch,BK,"[('Steak', 9), ('Burger', 8)]",653.0,-37.8174962,144.9900733,0,5.665,11.5695387
ORDK03711,2018-05-11,12:13:31,Lunch,BK,"[('Chicken', 6), ('Fries', 8), ('Burger', 2), ('Salad', 9)]",504.8,-37.8105541,145.0047871,0,3.757,8.8476959
ORDA02242,2018-07-28,14:55:46,Lunch,BK,"[('Salad', 9), ('Steak', 10), ('Chicken', 5), ('Burger', 4)]",888.8,-37.8241367,144.9848488,0,6.672,14.8037643
ORDI05998,2018-11-16,18:38:52,Dinner,NS,"[('Salmon', 1), ('Shrimp', 8)]",473.0,-37.8064327,144.94494,0,9.03,7.60833495
ORDB01587,2018-09-05,16:06:45,Dinner,TP,"[('Fish&Chips', 7), ('Salmon', 2), ('Pasta', 3), ('Shrimp', 7)]",787.5,-37.8149888,144.9274553,0,11.817,16.1503866
ORDA08014,2018-06-11,13:14:21,Lunch,BK,"[('Chicken', 6), ('Fries', 1)]",204.0,-37.8149853,144.9602491,0,8.004,13.2008763
ORDZ05715,2018-04-25,11:43:05,Breakfast,NS,"[('Coffee', 8), ('Pancake', 1), ('Cereal', 7)]",231.25,-37.8273122,145.013004,0,11.72,17.1812865
ORDC08830,2018-10-05,17:07:36,Dinner,NS,"[('Fish&Chips', 5), ('Shrimp', 6), ('Pasta', 4)]",609.0,-37.8121116,144.9553051,0,8.216,14.595967
ORDI03991,2018-09-05,16:06:45,Dinner,NS,"[('Salmon', 10), ('Fish&Chips', 10)]",760.0,-37.8151161,144.927561,0,10.757,16.6952774
ORDA11017,2018-09-12,16:27:02,Dinner,BK,"[('Salmon', 2), ('Pasta', 2), ('Fish&Chips', 7)]",382.0,-37.8000294,144.9999439,0,5.311,11.6360369
ORDC08989,2018-04-04,11:02:32,Breakfast,NS,"[('Pancake', 7), ('Coffee', 7), ('Cereal', 3)]",285.25,-37.8132035,144.9500289,0,8.72,13.6093744
ORDC08654,2018-07-10,14:15:12,Lunch,NS,"[('Salad', 7), ('Fries', 5), ('Steak', 1), ('Chicken', 5)]",385.4,-37.8214346,144.9986672,0,10.214,15.3226302
ORDX04603,2018-08-11,15:16:03,Lunch,BK,"[('Chicken', 5), ('Fries', 8), ('Salad', 9), ('Burger', 7)]",627.8,-37.8106068,144.9887464,0,5.219,13.1609699
ORDY08881,2018-06-13,13:24:30,Lunch,TP,"[('Salad', 8), ('Chicken', 7), ('Burger', 10), ('Fries', 3), ('Steak', 2)]",797.6,-37.8075748,144.9629982,0,8.894,12.3618183
ORDY04248,2018-06-06,13:04:13,Lunch,TP,"[('Chicken', 2), ('Steak', 5)]",289.0,-37.8001181,144.9923141,0,11.367,21.6740505
ORDY01246,2018-10-03,17:07:36,Dinner,TP,"[('Fish&Chips', 9), ('Shrimp', 7), ('Pasta', 3), ('Salmon', 2)]",857.5,-37.8022767,144.9631881,0,9.531,13.3597892
ORDC06745,2018-02-02,09:00:50,Breakfast,NS,"[('Eggs', 10), ('Coffee', 4), ('Pancake', 9), ('Cereal', 3)]",531.25,-37.7986482,144.9271207,0,10.284,15.5133484
ORDA08536,2018-04-07,11:02:32,Breakfast,BK,"[('Pancake', 4), ('Coffee', 8), ('Cereal', 8)]",325.0,-37.8143283,144.9742895,0,6.762,14.1440793
ORDI10123,2018-11-08,18:18:35,Dinner,NS,"[('Shrimp', 10), ('Salmon', 2)]",622.0,-37.809247,144.9836651,0,8.018,14.2201265
ORDK07733,2018-03-14,10:21:58,Breakfast,BK,"[('Coffee', 2), ('Cereal', 4), ('Eggs', 10)]",319.0,-37.8124202,145.0150312,0,3.516,7.8909394
ORDI08844,2018-01-12,08:20:16,Breakfast,NS,"[('Cereal', 10), ('Coffee', 4), ('Pancake', 6), ('Eggs', 8)]",561.5,-37.8211448,144.9474356,1,9.834,7.2929428
ORDZ06232,2018-06-21,13:34:38,Lunch,NS,"[('Burger', 4), ('Steak', 2), ('Fries', 8), ('Chicken', 2)]",374.0,-37.8142155,144.9728707,0,7.829,13.2340728
ORDI07777,2018-02-20,09:31:16,Breakfast,NS,"[('Eggs', 6), ('Coffee', 1), ('Pancake', 9), ('Cereal', 6)]",483.75,-37.823695,144.9672159,0,9.095,13.8580073
ORDB08132,2018-01-01,08:00:00,Breakfast,TP,"[('Pancake', 6), ('Coffee', 6), ('Eggs', 6), ('Cereal', 8)]",490.5,-37.8044679,144.9388588,1,10.614,6.5510571
ORDY05187,2018-06-28,13:54:55,Lunch,TP,"[('Steak', 9), ('Salad', 10), ('Burger', 10)]",887.0,-37.814455,144.983481,0,9.33,13.1741206
ORDJ00358,2018-12-13,19:29:34,Dinner,TP,"[('Salmon', 2), ('Fish&Chips', 2)]",152.0,-37.8186793,144.9786866,0,10.291,14.3911875
ORDZ08609,2018-06-01,12:54:05,Lunch,NS,"[('Steak', 3), ('Salad', 5), ('Chicken', 3), ('Fries', 9), ('Burger', 10)]",735.0,-37.8059761,144.986674,0,7.993,13.158764
ORDI02571,2018-06-23,13:44:47,Lunch,NS,"[('Chicken', 5), ('Fries', 7)]",244.0,-37.8125914,145.0122258,0,10.753,18.2301572
ORDK04987,2018-07-19,14:35:29,Lunch,BK,"[('Chicken', 10), ('Fries', 6), ('Burger', 5), ('Steak', 1), ('Salad', 9)]",746.8,-37.816937,144.9898112,0,5.633,11.0503953
ORDY00062,2018-05-27,12:43:56,Lunch,TP,"[('Steak', 10), ('Salad', 10), ('Burger', 2), ('Fries', 3), ('Chicken', 6)]",912.0,-37.805486,144.9522769,0,9.515,21.4494231
ORDC03539,2018-12-12,19:29:34,Dinner,NS,"[('Fish&Chips', 2), ('Pasta', 4), ('Salmon', 5), ('Shrimp', 7)]",763.0,-37.823493,144.987923,0,9.384,15.1480284
ORDJ09136,2018-01-08,08:10:08,Breakfast,TP,"[('Pancake', 10), ('Coffee', 6)]",287.5,-37.8166589,144.9374933,1,10.446,6.6292449
ORDB07589,2018-02-12,09:21:07,Breakfast,TP,"[('Coffee', 3), ('Cereal', 3), ('Eggs', 10), ('Pancake', 1)]",329.75,-37.811054,144.9702495,0,8.794,11.7073579
ORDA05949,2018-03-22,10:32:06,Breakfast,BK,"[('Pancake', 2), ('Coffee', 8), ('Eggs', 1), ('Cereal', 10)]",340.5,-37.800217,144.9548526,0,8.506,13.3632319
ORDB02771,2018-02-03,09:00:50,Breakfast,TP,"[('Eggs', 7), ('Cereal', 1), ('Coffee', 5), ('Pancake', 10)]",455.0,-37.8145238,144.9609395,0,8.386,13.1275593
ORDX09942,2018-06-29,13:54:55,Lunch,BK,"[('Salad', 9), ('Steak', 9), ('Fries', 6), ('Burger', 1), ('Chicken', 4)]",790.8,-37.8188007,144.9721113,0,7.52,13.6792074
ORDC01820,2018-04-27,11:43:05,Breakfast,NS,"[('Cereal', 5), ('Pancake', 7), ('Coffee', 9)]",342.25,-37.8117045,145.0050444,0,9.972,14.9682439
ORDB09582,2018-06-05,13:04:13,Lunch,TP,"[('Steak', 6), ('Chicken', 4)]",398.0,-37.8140249,144.9644216,0,8.076,11.6506235
ORDJ08158,2018-05-22,12:33:48,Lunch,TP,"[('Fries', 6), ('Steak', 8), ('Chicken', 10)]",752.0,-37.7999759,145.0085734,0,12.836,15.2937485
ORDK03618,2018-05-07,12:13:31,Lunch,BK,"[('Chicken', 8), ('Fries', 6)]",328.0,-37.8142123,144.9612641,0,7.92,13.8840714
ORDX04133,2018-10-28,17:58:18,Dinner,BK,"[('Salmon', 7), ('Shrimp', 1), ('Pasta', 8), ('Fish&Chips', 1)]",596.0,-37.8091669,144.9485268,0,8.927,18.8616351
ORDA06253,2018-04-21,11:32:57,Breakfast,BK,"[('Pancake', 9), ('Coffee', 3), ('Cereal', 10), ('Eggs', 8)]",626.75,-37.8188124,144.9535834,0,8.767,16.1138319
ORDI03080,2018-11-03,18:08:27,Dinner,NS,"[('Pasta', 8), ('Shrimp', 6), ('Salmon', 8), ('Fish&Chips', 2)]",942.0,-37.8114307,144.9517887,0,8.6,16.8840342
ORDZ08760,2018-10-17,17:38:01,Dinner,NS,"[('Shrimp', 7), ('Pasta', 2), ('Salmon', 9)]",802.0,-37.8012765,144.9491295,0,8.147,13.6673033
ORDJ03801,2018-02-13,09:21:07,Breakfast,TP,"[('Pancake', 9), ('Coffee', 1), ('Eggs', 8)]",401.75,-37.8112894,144.9754454,0,8.926,10.9393029
ORDX02252,2018-04-03,11:02:32,Breakfast,BK,"[('Eggs', 9), ('Coffee', 8)]",258.0,-37.8118976,144.9866869,0,5.524,10.5181206
ORDC08612,2018-03-03,10:01:41,Breakfast,NS,"[('Coffee', 10), ('Cereal', 4), ('Pancake', 6), ('Eggs', 5)]",414.5,-37.824608,144.9905837,0,9.747,16.4301202
ORDY08413,2018-05-22,12:33:48,Lunch,TP,"[('Steak', 9), ('Chicken', 9), ('Fries', 7), ('Burger', 4), ('Salad', 7)]",1021.4,-37.8181546,144.9954403,0,10.179,13.5383045
ORDI10228,2018-10-01,16:57:27,Dinner,NS,"[('Salmon', 8), ('Shrimp', 2), ('Fish&Chips', 6), ('Pasta', 1)]",673.5,-37.8187408,144.9828225,0,8.987,7.17605525
ORDZ05135,2018-07-30,14:55:46,Lunch,NS,"[('Chicken', 5), ('Burger', 10), ('Salad', 3)]",521.6,-37.8121813,144.9737879,0,7.626,13.1978635
ORDZ01009,2018-04-10,11:12:40,Breakfast,NS,"[('Cereal', 5), ('Eggs', 9), ('Coffee', 10), ('Pancake', 2)]",426.5,-37.8193205,145.0022575,0,10.379,15.070127
ORDC05885,2018-11-09,18:18:35,Dinner,NS,"[('Pasta', 10), ('Salmon', 1), ('Shrimp', 5)]",586.0,-37.8129148,144.9857283,0,8.553,14.378792
ORDA01779,2018-10-10,17:17:44,Dinner,BK,"[('Pasta', 2), ('Salmon', 4), ('Shrimp', 5), ('Fish&Chips', 10)]",839.0,-37.8126705,144.9520012,0,8.621,15.6083868
ORDA08126,2018-06-20,13:34:38,Lunch,BK,"[('Burger', 7), ('Salad', 8), ('Steak', 2)]",444.6,-37.8041632,144.9490836,0,8.799,14.6328243
ORDC09297,2018-04-15,11:22:49,Breakfast,NS,"[('Eggs', 7), ('Coffee', 10)]",229.0,-37.8068473,144.9837274,0,7.754,14.6471398
ORDI07808,2018-12-19,19:39:43,Dinner,NS,"[('Pasta', 5), ('Salmon', 2), ('Fish&Chips', 5)]",394.5,-37.8148928,144.9375485,0,9.858,16.311062
ORDC10421,2018-02-07,09:10:59,Breakfast,NS,"[('Eggs', 9), ('Pancake', 10)]",440.5,-37.816804,144.9506582,0,9.62,14.7374661
ORDA04916,2018-10-04,17:07:36,Dinner,BK,"[('Fish&Chips', 9), ('Shrimp', 6), ('Salmon', 7), ('Pasta', 3)]",1008.5,-37.8086953,144.9421307,0,9.792,16.7280289
ORDC07808,2018-05-24,12:43:56,Lunch,NS,"[('Chicken', 1), ('Steak', 7)]",347.0,-37.8040854,144.9584151,0,7.536,13.2617972
ORDC07241,2018-09-25,16:47:19,Dinner,NS,"[('Shrimp', 9), ('Salmon', 9), ('Pasta', 6)]",1020.0,-37.8210532,144.9475329,0,9.822,15.4904909
ORDK02463,2018-07-08,14:15:12,Lunch,BK,"[('Burger', 8), ('Steak', 6), ('Fries', 5), ('Salad', 3), ('Chicken', 5)]",789.6,-37.8198164,144.9612635,0,8.058,16.3595981
ORDI04637,2018-02-02,09:00:50,Breakfast,NS,"[('Pancake', 4), ('Cereal', 8)]",265.0,-37.8170275,144.9532475,0,8.956,14.2757427
ORDB07722,2018-10-11,17:17:44,Dinner,TP,"[('Pasta', 2), ('Salmon', 6), ('Fish&Chips', 6), ('Shrimp', 8)]",943.0,-37.8121064,144.9533768,0,8.96,12.9076504
ORDI10284,2018-01-26,08:50:42,Breakfast,NS,"[('Eggs', 8), ('Coffee', 2), ('Cereal', 7)]",338.0,-37.8106913,144.9364149,0,10.032,14.8732599
ORDC01705,2018-10-27,17:58:18,Dinner,NS,"[('Salmon', 3), ('Pasta', 8), ('Shrimp', 3), ('Fish&Chips', 7)]",750.0,-37.8155895,144.9545846,0,8.703,17.0971738
ORDC08659,2018-06-08,13:14:21,Lunch,NS,"[('Chicken', 7), ('Salad', 10), ('Fries', 7)]",480.0,-37.8041501,144.9658732,0,6.848,12.0560342
ORDC09412,2018-08-21,15:36:20,Lunch,NS,"[('Salad', 10), ('Fries', 8), ('Chicken', 8)]",524.0,-37.823455,144.9894381,0,9.57,15.2598584
ORDC07448,2018-11-15,18:28:43,Dinner,NS,"[('Fish&Chips', 4), ('Salmon', 4)]",304.0,-37.8198783,144.9849796,0,9.116,15.2856095
ORDY05875,2018-10-31,17:58:18,Dinner,TP,"[('Fish&Chips', 8), ('Salmon', 4), ('Pasta', 3)]",526.5,-37.8171897,145.0226304,0,13.576,17.2929618
ORDA03445,2018-08-20,15:36:20,Lunch,BK,"[('Steak', 7), ('Burger', 3), ('Salad', 8)]",545.6,-37.804107,144.9483779,0,8.861,7.5112995
ORDI01374,2018-04-24,11:43:05,Breakfast,NS,"[('Coffee', 9), ('Pancake', 10)]",310.0,-37.8113345,144.958376,0,8.434,13.0586599
ORDX06954,2018-11-01,18:08:27,Dinner,BK,"[('Pasta', 9), ('Shrimp', 1), ('Salmon', 5), ('Fish&Chips', 7)]",751.5,-37.8253939,144.9808806,0,7.194,14.3400088
ORDZ08371,2018-11-23,18:49:00,Dinner,NS,"[('Fish&Chips', 8), ('Shrimp', 6), ('Salmon', 8), ('Pasta', 9)]",1179.5,-37.8025531,144.9565899,0,7.596,13.4854629
ORDJ05640,2018-01-24,08:40:33,Breakfast,TP,"[('Eggs', 10), ('Pancake', 5), ('Cereal', 2), ('Coffee', 6)]",428.25,-37.7930988,144.9758122,0,10.917,13.1812369
ORDX01766,2018-07-16,14:25:21,Lunch,BK,"[('Chicken', 6), ('Burger', 5), ('Salad', 8)]",484.6,-37.8010046,145.0144797,0,4.796,10.2511015
ORDX04545,2018-11-05,18:08:27,Dinner,BK,"[('Shrimp', 3), ('Salmon', 8)]",490.0,-37.8160295,144.9636726,0,7.888,15.1977295
ORDJ05599,2018-08-23,15:46:28,Lunch,TP,"[('Salad', 6), ('Fries', 10), ('Burger', 6)]",409.2,-37.8230574,144.9879668,0,9.326,12.8046225
ORDK02228,2018-07-25,14:45:38,Lunch,BK,"[('Chicken', 2), ('Fries', 9), ('Burger', 1), ('Salad', 5), ('Steak', 3)]",424.0,-37.8002341,144.9970068,0,5.504,11.2103184
ORDA04818,2018-06-20,13:34:38,Lunch,BK,"[('Salad', 10), ('Fries', 2), ('Burger', 5)]",351.0,-37.8043534,144.9492338,0,8.807,14.8102987
ORDA09695,2018-03-04,10:01:41,Breakfast,BK,"[('Eggs', 9), ('Pancake', 9)]",416.25,-37.81931,145.0016982,0,4.776,12.3329653
ORDI03328,2018-03-02,09:51:32,Breakfast,NS,"[('Eggs', 7), ('Cereal', 7)]",301.0,-37.8060498,144.9742596,0,7.264,12.0759151
ORDB08970,2018-10-13,17:27:53,Dinner,TP,"[('Pasta', 2), ('Fish&Chips', 1), ('Salmon', 9)]",459.0,-37.820832,144.9562063,0,8.071,13.9963995
ORDK05861,2018-09-28,16:57:27,Dinner,BK,"[('Shrimp', 9), ('Salmon', 8), ('Pasta', 3)]",896.5,-37.8008752,144.9929336,0,5.67,12.4895504
ORDB04265,2018-11-08,18:18:35,Dinner,TP,"[('Pasta', 3), ('Salmon', 3)]",205.5,-37.8166221,144.9879502,0,9.605,13.4784836
ORDI04776,2018-01-13,08:20:16,Breakfast,NS,"[('Coffee', 4), ('Pancake', 4), ('Eggs', 9)]",325.0,-37.8198488,144.9683212,1,8.62,7.7958215
ORDB03748,2018-03-31,10:52:23,Breakfast,TP,"[('Pancake', 5), ('Cereal', 3)]",184.25,-37.8059867,144.979449,0,9.711,13.8533186
ORDX02116,2018-11-01,18:08:27,Dinner,BK,"[('Salmon', 8), ('Shrimp', 2)]",436.0,-37.8248005,144.9821471,0,7.076,13.861468
ORDK05205,2018-07-28,14:55:46,Lunch,BK,"[('Salad', 8), ('Chicken', 7), ('Steak', 9), ('Fries', 9), ('Burger', 1)]",905.6,-37.824062,144.9848639,0,6.663,14.9155948
ORDI09955,2018-06-30,13:54:55,Lunch,NS,"[('Steak', 8), ('Chicken', 1)]",392.0,-37.812284,144.9385832,0,9.812,17.2734598
ORDB05926,2018-03-12,10:11:49,Breakfast,TP,"[('Cereal', 7), ('Coffee', 2)]",162.0,-37.8076636,144.9714383,0,9.298,11.8702352
ORDJ03945,2018-08-15,15:26:11,Lunch,TP,"[('Salad', 7), ('Burger', 8), ('Chicken', 5)]",528.4,-37.8083939,144.9757389,0,9.201,18.82635555
ORDY01762,2018-04-17,11:22:49,Breakfast,TP,"[('Cereal', 9), ('Pancake', 10)]",431.5,-37.8116694,144.9647884,0,8.406,11.4479373
ORDX09771,2018-10-17,17:38:01,Dinner,BK,"[('Fish&Chips', 4), ('Shrimp', 4), ('Salmon', 6)]",602.0,-37.815142,144.9749158,0,6.698,13.1378111
ORDA07385,2018-10-27,17:58:18,Dinner,BK,"[('Salmon', 7), ('Fish&Chips', 4), ('Pasta', 6)]",592.0,-37.8075895,144.9702615,0,6.776,16.0131374
ORDC04848,2018-12-12,19:29:34,Dinner,NS,"[('Fish&Chips', 2), ('Salmon', 2)]",152.0,-37.8078687,144.9803343,0,7.624,13.2725816
ORDZ06348,2018-03-11,10:11:49,Breakfast,NS,"[('Coffee', 6), ('Eggs', 7)]",199.0,-37.805044,144.9632828,0,7.145,14.3188531
ORDA03106,2018-09-25,16:47:19,Dinner,BK,"[('Shrimp', 8), ('Salmon', 9)]",801.0,-37.810335,144.9632837,0,7.598,14.5239853
ORDI10738,2018-10-24,17:48:10,Dinner,NS,"[('Shrimp', 8), ('Salmon', 2), ('Fish&Chips', 7)]",759.0,-37.8116263,145.0067582,0,10.093,15.9872841
ORDZ07206,2018-10-06,17:07:36,Dinner,NS,"[('Salmon', 7), ('Pasta', 8), ('Shrimp', 2)]",615.0,-37.8191893,144.9980347,0,10.04,17.8343041
ORDX08865,2018-11-30,18:59:09,Dinner,BK,"[('Shrimp', 10), ('Fish&Chips', 3)]",645.0,-37.8067516,144.9643373,0,7.319,14.2271554
ORDK06537,2018-10-14,17:27:53,Dinner,BK,"[('Pasta', 3), ('Fish&Chips', 4)]",222.5,-37.8012839,144.988679,0,5.982,15.2044248
ORDK07453,2018-06-03,13:04:13,Lunch,BK,"[('Chicken', 5), ('Steak', 9), ('Salad', 1)]",582.2,-37.8018589,144.9927696,0,5.583,14.1686394
ORDB07948,2018-11-08,18:18:35,Dinner,TP,"[('Pasta', 5), ('Salmon', 3), ('Shrimp', 7)]",638.5,-37.8157799,144.9651688,0,7.88,11.8432414
ORDX06733,2018-08-01,14:55:46,Lunch,BK,"[('Fries', 2), ('Chicken', 1), ('Steak', 5), ('Salad', 2)]",315.4,-37.8075427,144.9479927,0,8.898,15.0293845
ORDJ03870,2018-07-07,14:05:04,Lunch,TP,"[('Steak', 2), ('Burger', 4), ('Fries', 6), ('Salad', 9)]",440.8,-37.8255451,144.9967863,0,9.93,14.6837143
ORDX02979,2018-04-01,10:52:23,Breakfast,BK,"[('Pancake', 3), ('Coffee', 2), ('Cereal', 7), ('Eggs', 3)]",300.75,-37.8155682,144.9527158,0,8.609,15.3240798
ORDY01894,2018-02-21,09:41:24,Breakfast,TP,"[('Pancake', 9), ('Eggs', 4), ('Coffee', 8)]",366.25,-37.8034963,144.9948218,0,11.175,13.6000622
ORDI02899,2018-08-29,15:56:37,Lunch,NS,"[('Salad', 1), ('Fries', 4), ('Burger', 8)]",313.2,-37.818219,144.9774547,0,9.381,14.8140797
ORDC02280,2018-03-24,10:42:15,Breakfast,NS,"[('Cereal', 6), ('Pancake', 2), ('Coffee', 8), ('Eggs', 5)]",344.5,-37.8191261,144.9816871,0,8.842,15.8765323
ORDZ01562,2018-04-16,11:22:49,Breakfast,NS,"[('Pancake', 2), ('Eggs', 10), ('Coffee', 10), ('Cereal', 9)]",532.5,-37.8123144,144.9617155,0,7.884,12.9432706
ORDJ03348,2018-04-13,11:22:49,Breakfast,TP,"[('Cereal', 8), ('Eggs', 8), ('Coffee', 2)]",359.0,-37.8001616,144.9460332,0,10.506,13.2299441
ORDZ02033,2018-03-25,10:42:15,Breakfast,NS,"[('Eggs', 7), ('Cereal', 9)]",343.0,-37.8003571,145.0012437,0,9.107,16.0330474
ORDK02623,2018-03-17,10:21:58,Breakfast,BK,"[('Cereal', 6), ('Coffee', 6), ('Eggs', 2), ('Pancake', 10)]",457.5,-37.8078941,144.9714059,0,6.689,13.6081254
ORDX04082,2018-04-12,11:12:40,Breakfast,BK,"[('Coffee', 9), ('Cereal', 8)]",235.5,-37.8047365,144.9270512,0,10.788,15.7120732
ORDJ07169,2018-01-21,08:40:33,Breakfast,TP,"[('Eggs', 8), ('Cereal', 2)]",218.0,-37.8065664,144.9667313,0,9.198,13.7875067
ORDI09275,2018-02-10,09:10:59,Breakfast,NS,"[('Pancake', 7), ('Cereal', 4)]",253.75,-37.8023845,144.9811728,0,7.183,14.2738992
ORDX04568,2018-04-27,11:53:14,Breakfast,BK,"[('Eggs', 9), ('Cereal', 3), ('Pancake', 6)]",406.5,-37.8002308,144.9873905,0,6.203,11.2711472
ORDX08132,2018-05-11,12:13:31,Lunch,BK,"[('Fries', 2), ('Chicken', 7)]",248.0,-37.8105541,145.0047871,0,3.757,9.5851705
ORDA06877,2018-10-24,17:48:10,Dinner,BK,"[('Fish&Chips', 6), ('Salmon', 5), ('Pasta', 1), ('Shrimp', 8)]",874.5,-37.8204277,144.9665229,0,7.912,14.5256905
ORDK06438,2018-10-22,17:48:10,Dinner,BK,"[('Fish&Chips', 5), ('Shrimp', 5)]",445.0,-37.7940869,144.947129,0,9.882,16.9174425
ORDA09817,2018-02-07,09:10:59,Breakfast,BK,"[('Coffee', 3), ('Cereal', 1)]",43.5,-37.82003,144.92037,0,11.927,16.6330211
ORDZ03727,2018-06-02,13:04:13,Lunch,NS,"[('Burger', 7), ('Steak', 5)]",442.0,-37.8181646,144.9647744,0,8.516,15.9828626
ORDB10292,2018-09-20,16:37:10,Dinner,TP,"[('Pasta', 7), ('Shrimp', 7), ('Salmon', 4)]",734.5,-37.8248285,144.9296955,0,16.551,19.978805
ORDB04792,2018-02-01,09:00:50,Breakfast,TP,"[('Cereal', 3), ('Eggs', 7)]",217.0,-37.8201239,144.9646328,0,7.095,10.3367131
ORDA07949,2018-04-17,11:22:49,Breakfast,BK,"[('Cereal', 2), ('Pancake', 5), ('Eggs', 3), ('Coffee', 4)]",259.25,-37.8128193,144.9608495,0,7.809,12.1674963
ORDX10810,2018-02-16,09:31:16,Breakfast,BK,"[('Coffee', 8), ('Eggs', 2)]",104.0,-37.8101114,144.949889,0,8.726,14.0852193
ORDA06621,2018-01-30,08:50:42,Breakfast,BK,"[('Pancake', 5), ('Coffee', 5), ('Eggs', 2)]",202.75,-37.802294,144.990587,0,5.711,10.4319875
ORDY04617,2018-04-25,11:43:05,Breakfast,TP,"[('Coffee', 4), ('Eggs', 5), ('Pancake', 9), ('Cereal', 7)]",505.25,-37.8190265,144.9525854,0,8.597,11.2830411
ORDK02424,2018-12-08,19:19:26,Dinner,BK,"[('Salmon', 4), ('Shrimp', 10), ('Pasta', 9), ('Fish&Chips', 2)]",1021.5,-37.8182877,144.966146,0,7.623,17.0255866
ORDZ07677,2018-08-15,15:26:11,Lunch,NS,"[('Salad', 4), ('Chicken', 5), ('Steak', 7)]",543.8,-37.8030418,144.9694649,0,6.385,12.2855245
ORDA02046,2018-06-24,13:44:47,Lunch,BK,"[('Salad', 4), ('Chicken', 5), ('Burger', 10), ('Steak', 2)]",628.8,-37.8248451,144.9828261,0,7.097,15.5023346
ORDX06221,2018-04-07,11:02:32,Breakfast,BK,"[('Eggs', 2), ('Coffee', 4), ('Cereal', 6)]",200.0,-37.8227125,145.0077275,0,4.545,11.9821109
ORDC03838,2018-09-30,16:57:27,Dinner,NS,"[('Pasta', 10), ('Fish&Chips', 4)]",415.0,-37.7993843,144.925888,0,10.271,17.9788362
ORDY07804,2018-09-12,16:27:02,Dinner,TP,"[('Fish&Chips', 7), ('Salmon', 3)]",368.0,-37.8179366,144.966773,0,7.664,11.7592779
ORDA08368,2018-11-28,18:59:09,Dinner,BK,"[('Pasta', 4), ('Salmon', 2), ('Shrimp', 4)]",408.0,-37.82198,145.0027637,0,4.926,12.3425137
ORDB02828,2018-02-02,09:00:50,Breakfast,TP,"[('Coffee', 6), ('Eggs', 1), ('Pancake', 5), ('Cereal', 7)]",335.25,-37.8199352,145.0128552,0,11.742,14.3052469
ORDJ10792,2018-05-23,12:43:56,Lunch,TP,"[('Salad', 9), ('Fries', 8)]",250.8,-37.8134137,144.9894306,0,9.885,12.8445339
ORDZ04726,2018-10-26,17:48:10,Dinner,NS,"[('Fish&Chips', 8), ('Pasta', 10)]",555.0,-37.8203207,144.9656438,0,8.901,14.922541
ORDX02830,2018-10-19,17:38:01,Dinner,BK,"[('Fish&Chips', 6), ('Pasta', 4)]",320.0,-37.8120608,145.0145128,0,3.454,14.3141886
ORDJ09670,2018-07-03,14:05:04,Lunch,TP,"[('Steak', 10), ('Salad', 3), ('Chicken', 5), ('Burger', 7), ('Fries', 6)]",950.6,-37.8135306,144.9655263,0,8.196,11.4830784
ORDK01009,2018-11-11,18:18:35,Dinner,BK,"[('Salmon', 6), ('Shrimp', 8)]",678.0,-37.7996716,144.9254114,0,11.142,20.1400434
ORDA04608,2018-09-11,16:16:54,Dinner,BK,"[('Pasta', 6), ('Shrimp', 7), ('Fish&Chips', 5)]",718.0,-37.8103856,144.9615869,0,7.614,14.8154112
ORDK08386,2018-08-01,14:55:46,Lunch,BK,"[('Salad', 3), ('Burger', 7), ('Chicken', 6), ('Fries', 8)]",556.6,-37.8074952,144.9479826,0,8.892,14.5946098
ORDC10322,2018-06-20,13:34:38,Lunch,NS,"[('Fries', 6), ('Salad', 9)]",226.8,-37.8058123,144.955219,0,8.016,13.4082039
ORDY09713,2018-04-27,11:53:14,Breakfast,TP,"[('Coffee', 10), ('Pancake', 6)]",220.5,-37.8232442,144.9680212,0,7.967,10.6408522
ORDJ01106,2018-11-10,18:18:35,Dinner,TP,"[('Shrimp', 6), ('Salmon', 9), ('Fish&Chips', 1), ('Pasta', 6)]",893.0,-37.8136707,144.9367091,0,10.85,15.7725463
ORDA05256,2018-12-20,19:39:43,Dinner,BK,"[('Pasta', 9), ('Shrimp', 7)]",625.5,-37.8132457,144.9334457,0,11.173,17.8324413
ORDB10739,2018-12-03,19:09:17,Dinner,TP,"[('Shrimp', 3), ('Salmon', 3)]",285.0,-37.8171956,145.0143755,0,12.303,7.84815775
ORDZ10737,2018-12-30,20:00:00,Dinner,NS,"[('Shrimp', 3), ('Salmon', 5)]",367.0,-37.8049962,144.9273434,0,10.622,27.790624199999996
ORDC05973,2018-04-01,10:52:23,Breakfast,NS,"[('Eggs', 10), ('Cereal', 3), ('Pancake', 5), ('Coffee', 8)]",464.25,-37.8174514,144.9707239,0,8.735,16.0138611
ORDZ00447,2018-05-01,11:53:14,Breakfast,NS,"[('Eggs', 6), ('Cereal', 1), ('Coffee', 3), ('Pancake', 8)]",369.5,-37.8049082,144.9468264,0,8.702,14.0709747
ORDA07435,2018-08-09,15:16:03,Lunch,BK,"[('Steak', 1), ('Chicken', 7), ('Salad', 10)]",441.0,-37.8235355,144.9561987,0,8.749,14.7399768
ORDJ09557,2018-10-14,17:27:53,Dinner,TP,"[('Fish&Chips', 4), ('Shrimp', 5), ('Salmon', 3), ('Pasta', 7)]",725.5,-37.811841,145.0027823,0,11.178,16.0267112
ORDA01187,2018-04-18,11:32:57,Breakfast,BK,"[('Eggs', 4), ('Pancake', 9)]",306.25,-37.8120086,144.9669522,0,7.288,11.8170698
ORDZ03261,2018-08-09,15:16:03,Lunch,NS,"[('Burger', 10), ('Steak', 10), ('Fries', 9)]",868.0,-37.8119516,144.9860757,0,8.465,13.9707543
ORDA05729,2018-11-18,18:38:52,Dinner,BK,"[('Fish&Chips', 6), ('Shrimp', 6), ('Salmon', 1), ('Pasta', 1)]",602.5,-37.8194251,145.0082549,0,4.174,13.2529806
ORDA04758,2018-08-05,15:05:54,Lunch,BK,"[('Salad', 7), ('Steak', 1)]",165.4,-37.8122844,144.9549798,0,8.23,17.1099824
ORDB02781,2018-07-06,14:05:04,Lunch,TP,"[('Chicken', 1), ('Steak', 1), ('Salad', 8)]",214.6,-37.7988636,144.9686871,0,10.088,6.77757135
ORDZ07456,2018-08-20,15:36:20,Lunch,NS,"[('Burger', 7), ('Chicken', 5)]",377.0,-37.8124992,144.9742733,0,7.687,12.9416893
ORDZ00484,2018-04-01,10:52:23,Breakfast,NS,"[('Pancake', 2), ('Eggs', 5), ('Cereal', 5), ('Coffee', 8)]",323.5,-37.8062553,144.9582936,0,7.754,15.3799845
ORDA07441,2018-01-15,08:20:16,Breakfast,BK,"[('Coffee', 6), ('Pancake', 8), ('Eggs', 10), ('Cereal', 3)]",522.0,-37.8135238,144.9481048,1,9.66,7.1186441
ORDX07844,2018-01-27,08:50:42,Breakfast,BK,"[('Cereal', 5), ('Coffee', 9), ('Eggs', 6), ('Pancake', 7)]",474.25,-37.8102573,144.936063,0,10.107,17.9821833
ORDZ03283,2018-11-27,18:59:09,Dinner,NS,"[('Shrimp', 3), ('Fish&Chips', 9)]",477.0,-37.8217429,144.9657836,0,8.93,14.6837754
ORDC02075,2018-12-01,18:59:09,Dinner,NS,"[('Fish&Chips', 3), ('Pasta', 3), ('Salmon', 7), ('Shrimp', 3)]",636.5,-37.8178183,144.9887553,0,9.195,17.3334106
ORDC02501,2018-05-05,12:03:22,Lunch,NS,"[('Fries', 4), ('Steak', 6), ('Salad', 2), ('Chicken', 1), ('Burger', 10)]",694.4,-37.8140663,144.9446655,0,9.281,16.8592985
ORDX01123,2018-03-27,10:42:15,Breakfast,BK,"[('Cereal', 8), ('Eggs', 2)]",212.0,-37.8209249,144.9681901,0,7.803,12.5742498
ORDB10169,2018-06-20,13:34:38,Lunch,TP,"[('Fries', 5), ('Steak', 10), ('Salad', 2), ('Burger', 7), ('Chicken', 2)]",825.4,-37.8041915,144.9492157,0,9.826,13.3958022
ORDB09208,2018-07-23,14:45:38,Lunch,TP,"[('Salad', 6), ('Steak', 8)]",463.2,-37.8049748,144.9493303,0,9.728,12.9147037
ORDK07086,2018-05-28,12:54:05,Lunch,BK,"[('Salad', 3), ('Chicken', 5), ('Steak', 6), ('Fries', 7)]",565.6,-37.8198301,144.9795486,0,7.254,13.0551973
ORDJ10278,2018-09-26,16:47:19,Dinner,TP,"[('Fish&Chips', 4), ('Pasta', 2), ('Shrimp', 9)]",681.0,-37.8202452,145.0149442,0,11.969,15.9578199
ORDY05556,2018-12-19,19:39:43,Dinner,TP,"[('Fish&Chips', 10), ('Salmon', 3)]",473.0,-37.805949,144.9408373,0,10.439,13.9155222
ORDB01252,2018-07-16,14:25:21,Lunch,TP,"[('Steak', 10), ('Salad', 5), ('Burger', 8)]",784.0,-37.8142605,144.9727854,0,8.528,11.743788
ORDI04183,2018-07-24,14:45:38,Lunch,NS,"[('Chicken', 5), ('Fries', 7)]",244.0,-37.8034867,144.9498193,0,8.326,13.9922385
ORDJ00094,2018-09-18,16:37:10,Dinner,TP,"[('Pasta', 5), ('Salmon', 2)]",219.5,-37.8066927,144.9579231,0,9.222,13.4320906
ORDC03710,2018-07-10,14:15:12,Lunch,NS,"[('Chicken', 2), ('Steak', 10), ('Fries', 3)]",550.0,-37.7991921,144.9865731,0,7.76,19.6399443
ORDI03144,2018-02-09,09:10:59,Breakfast,NS,"[('Cereal', 10), ('Pancake', 2), ('Coffee', 3)]",281.0,-37.8148453,144.9688857,0,7.882,13.0432874
ORDY07554,2018-08-31,15:56:37,Lunch,TP,"[('Salad', 6), ('Burger', 2), ('Chicken', 10)]",485.2,-37.805393,144.9576625,0,9.202,12.1093425
ORDZ02799,2018-01-08,08:10:08,Breakfast,NS,"[('Eggs', 10), ('Pancake', 1)]",244.25,-37.7988356,144.9358024,1,9.4,7.3797903
ORDB07316,2018-01-24,08:40:33,Breakfast,TP,"[('Cereal', 1), ('Eggs', 9), ('Pancake', 6)]",364.5,-37.8012572,144.9539598,0,9.945,12.3236201
ORDI09163,2018-03-03,10:01:41,Breakfast,NS,"[('Eggs', 5), ('Cereal', 6), ('Pancake', 6)]",381.5,-37.8236931,144.9306191,0,11.373,17.9420838
ORDK07554,2018-05-16,12:23:39,Lunch,BK,"[('Burger', 1), ('Steak', 7), ('Chicken', 7), ('Fries', 4), ('Salad', 7)]",738.4,-37.8104242,144.972604,0,7.399,13.3257752
ORDY01085,2018-08-19,15:36:20,Lunch,TP,"[('Burger', 8), ('Chicken', 5), ('Fries', 9), ('Salad', 1)]",533.2,-37.8157863,144.9582671,0,8.161,12.8572223
ORDY09551,2018-12-22,19:49:51,Dinner,TP,"[('Shrimp', 1), ('Fish&Chips', 5)]",229.0,-37.8193807,144.941667,0,9.701,15.2215673
ORDK08342,2018-01-17,08:30:25,Breakfast,BK,"[('Cereal', 8), ('Eggs', 7), ('Coffee', 9)]",389.5,-37.8050383,144.970424,1,6.971,5.8834434
ORDJ09022,2018-05-19,12:33:48,Lunch,TP,"[('Salad', 4), ('Chicken', 2), ('Steak', 3), ('Burger', 9), ('Fries', 1)]",558.8,-37.8211522,144.9997379,0,10.545,15.5207969
ORDC02564,2018-02-24,09:41:24,Breakfast,NS,"[('Eggs', 8), ('Pancake', 4), ('Cereal', 3)]",336.0,-37.8005285,144.9458413,0,8.405,15.773787
ORDY09206,2018-02-28,09:51:32,Breakfast,TP,"[('Cereal', 2), ('Pancake', 2), ('Eggs', 7), ('Coffee', 2)]",259.5,-37.809674,144.9724644,0,9.121,11.7101908
ORDA01907,2018-08-19,15:36:20,Lunch,BK,"[('Steak', 2), ('Salad', 3), ('Chicken', 6)]",333.6,-37.8157564,144.9583646,0,8.197,16.349855
ORDZ06014,2018-08-02,15:05:54,Lunch,NS,"[('Salad', 8), ('Chicken', 3), ('Steak', 9), ('Fries', 3), ('Burger', 4)]",798.6,-37.7996794,144.9549433,0,7.51,13.5216993
ORDA01660,2018-04-26,11:43:05,Breakfast,BK,"[('Coffee', 2), ('Pancake', 5)]",136.25,-37.8182336,144.9652288,0,7.637,12.5639931
ORDZ03058,2018-12-06,19:19:26,Dinner,NS,"[('Pasta', 9), ('Shrimp', 9), ('Salmon', 1)]",774.5,-37.8199572,144.9401667,0,10.113,15.5604117
ORDK00815,2018-05-27,12:43:56,Lunch,BK,"[('Burger', 3), ('Fries', 9), ('Steak', 7), ('Salad', 5)]",602.0,-37.8196171,144.9791999,0,6.871,15.128272
ORDA09136,2018-10-08,17:17:44,Dinner,BK,"[('Pasta', 9), ('Shrimp', 2), ('Fish&Chips', 9), ('Salmon', 3)]",793.5,-37.8199091,144.9613446,0,8.066,14.8968208
ORDK00636,2018-09-20,16:37:10,Dinner,BK,"[('Fish&Chips', 4), ('Shrimp', 5)]",410.0,-37.8143577,144.9548499,0,8.356,22.373107649999998
ORDZ05819,2018-04-01,10:52:23,Breakfast,NS,"[('Cereal', 3), ('Eggs', 4), ('Pancake', 2)]",199.5,-37.8007517,145.0022001,0,9.161,16.0041647
ORDI04292,2018-03-11,10:11:49,Breakfast,NS,"[('Coffee', 5), ('Eggs', 2), ('Cereal', 10)]",291.5,-37.8065824,144.9629048,0,7.328,14.1965826
ORDK02543,2018-03-25,10:42:15,Breakfast,BK,"[('Pancake', 6), ('Coffee', 7), ('Eggs', 6)]",330.0,-37.8174345,144.9713113,0,7.89,15.4690751
ORDY02350,2018-02-03,09:00:50,Breakfast,TP,"[('Pancake', 1), ('Coffee', 8), ('Cereal', 8), ('Eggs', 10)]",472.25,-37.8109999,144.9912035,0,10.151,6.8117172
ORDK05076,2018-08-08,15:16:03,Lunch,BK,"[('Chicken', 9), ('Burger', 5), ('Fries', 6)]",515.0,-37.8113629,144.9535902,0,8.363,13.797081
ORDB04875,2018-03-14,10:21:58,Breakfast,TP,"[('Eggs', 8), ('Coffee', 6), ('Cereal', 8)]",389.0,-37.8243103,144.9900156,0,9.57,12.3854566
ORDI04521,2018-04-22,11:32:57,Breakfast,NS,"[('Eggs', 9), ('Pancake', 6)]",343.5,-37.8202606,144.9696655,0,8.67,15.7120168
ORDY10419,2018-10-01,16:57:27,Dinner,TP,"[('Fish&Chips', 4), ('Salmon', 4), ('Shrimp', 3)]",466.0,-37.817899,144.9502679,0,8.873,13.1558316
ORDX05122,2018-12-03,19:09:17,Dinner,BK,"[('Pasta', 9), ('Fish&Chips', 1)]",282.5,-37.8179018,144.9578568,0,8.35,15.2559532
ORDZ01107,2018-09-19,16:37:10,Dinner,NS,"[('Shrimp', 1), ('Fish&Chips', 6), ('Salmon', 3), ('Pasta', 3)]",469.5,-37.8129674,144.9559964,0,8.286,14.3874931
ORDK05278,2018-07-10,14:15:12,Lunch,BK,"[('Chicken', 6), ('Steak', 5), ('Salad', 6)]",520.2,-37.8000371,144.9744259,0,7.287,13.1475124
ORDZ04489,2018-08-20,15:36:20,Lunch,NS,"[('Chicken', 8), ('Salad', 4)]",324.8,-37.8044483,144.9542709,0,7.986,13.439107
ORDI09560,2018-01-25,08:40:33,Breakfast,NS,"[('Pancake', 6), ('Cereal', 5)]",250.5,-37.8242349,144.991632,0,9.77,14.9928975
ORDC01046,2018-01-05,08:00:00,Breakfast,NS,"[('Coffee', 7), ('Cereal', 1), ('Pancake', 8), ('Eggs', 10)]",487.5,-37.8024332,144.9831587,1,7.371,6.2596657
ORDC09902,2018-04-13,11:22:49,Breakfast,NS,"[('Pancake', 2), ('Eggs', 3)]",114.5,-37.82381,144.9627168,0,9.297,14.2672346
ORDK01024,2018-05-16,12:23:39,Lunch,BK,"[('Burger', 6), ('Chicken', 3), ('Salad', 3), ('Steak', 5)]",558.6,-37.8081448,144.9289924,0,10.589,16.8347906
ORDY09735,2018-12-16,19:29:34,Dinner,TP,"[('Salmon', 1), ('Shrimp', 5), ('Fish&Chips', 9), ('Pasta', 5)]",763.5,-37.8134837,144.9656425,0,8.209,13.5743946
ORDX01811,2018-11-10,18:18:35,Dinner,BK,"[('Shrimp', 5), ('Fish&Chips', 3)]",375.0,-37.8163214,144.9668469,0,7.489,16.8883644
ORDB06038,2018-01-27,08:50:42,Breakfast,TP,"[('Cereal', 8), ('Eggs', 2)]",212.0,-37.8071697,144.9469712,0,9.819,13.3891733
ORDC08264,2018-06-17,13:34:38,Lunch,NS,"[('Fries', 1), ('Salad', 6), ('Burger', 10), ('Chicken', 7)]",649.2,-37.801844,144.9813581,0,7.114,14.9097815
ORDC06134,2018-10-04,17:07:36,Dinner,NS,"[('Shrimp', 9), ('Fish&Chips', 3), ('Salmon', 3), ('Pasta', 4)]",824.0,-37.8082252,144.9398885,0,10.138,15.8052284
ORDJ09087,2018-02-23,09:41:24,Breakfast,TP,"[('Pancake', 6), ('Coffee', 4), ('Cereal', 5)]",280.5,-37.8067703,144.9323875,0,11.0,13.2113825
ORDJ04335,2018-12-29,20:00:00,Dinner,TP,"[('Pasta', 2), ('Fish&Chips', 5), ('Salmon', 8), ('Shrimp', 9)]",1044.0,-37.8165806,144.9374466,0,10.456,15.576331
ORDC04037,2018-02-06,09:10:59,Breakfast,NS,"[('Eggs', 9), ('Cereal', 9)]",387.0,-37.8070658,144.9555582,0,8.105,13.3714263
ORDX04199,2018-04-26,11:43:05,Breakfast,BK,"[('Pancake', 3), ('Coffee', 5), ('Eggs', 5)]",220.25,-37.8189253,144.9661161,0,7.696,12.9959927
ORDI07669,2018-07-09,14:15:12,Lunch,NS,"[('Burger', 2), ('Salad', 1)]",79.2,-37.8190919,144.9562732,0,9.085,15.4760524
ORDK07252,2018-06-14,13:24:30,Lunch,BK,"[('Chicken', 1), ('Fries', 6)]",104.0,-37.805742,144.9552312,0,8.133,13.914303
ORDK01704,2018-07-13,14:25:21,Lunch,BK,"[('Steak', 7), ('Chicken', 4)]",443.0,-37.8158555,144.9494289,0,9.147,14.9558975
ORDX04517,2018-08-20,15:36:20,Lunch,BK,"[('Fries', 7), ('Chicken', 8)]",340.0,-37.8130519,144.9739889,0,6.817,12.5493079
ORDC01825,2018-01-03,08:00:00,Breakfast,NS,"[('Coffee', 2), ('Eggs', 10)]",235.0,-37.8137302,144.9409476,1,9.632,7.6505891
ORDX01121,2018-07-19,14:35:29,Lunch,BK,"[('Fries', 6), ('Burger', 4), ('Chicken', 3), ('Steak', 3)]",427.0,-37.8223814,144.9681832,0,7.996,13.725875
ORDC10048,2018-01-14,08:20:16,Breakfast,NS,"[('Eggs', 7), ('Pancake', 1)]",178.25,-37.8088627,144.971177,1,7.17,6.9264917
ORDK08169,2018-09-23,16:47:19,Dinner,BK,"[('Fish&Chips', 5), ('Shrimp', 8), ('Pasta', 3), ('Salmon', 4)]",853.5,-37.8041594,144.9962001,0,5.069,14.2420807
ORDJ08307,2018-06-07,13:14:21,Lunch,TP,"[('Chicken', 2), ('Salad', 3), ('Fries', 8)]",211.6,-37.8154817,144.9454612,0,9.509,12.8261771
ORDB01156,2018-10-18,17:38:01,Dinner,TP,"[('Fish&Chips', 10), ('Shrimp', 9)]",836.0,-37.8031584,144.9509772,0,9.905,6.9872215
ORDJ10580,2018-04-17,11:22:49,Breakfast,TP,"[('Coffee', 4), ('Eggs', 6), ('Cereal', 1)]",183.0,-37.8122866,144.95142,0,9.181,11.3388858
ORDC06238,2018-05-28,12:54:05,Lunch,NS,"[('Fries', 2), ('Chicken', 4), ('Burger', 3), ('Steak', 2), ('Salad', 9)]",489.8,-37.8227071,145.0140729,0,11.692,17.6820263
ORDA07817,2018-03-30,10:52:23,Breakfast,BK,"[('Coffee', 10), ('Eggs', 9)]",273.0,-37.8161845,144.9641422,0,7.748,12.5518596
ORDK08286,2018-07-17,14:35:29,Lunch,BK,"[('Chicken', 7), ('Salad', 9), ('Burger', 10)]",688.8,-37.801387,144.9806043,0,6.675,12.5289028
ORDX03686,2018-07-28,14:55:46,Lunch,BK,"[('Steak', 4), ('Salad', 9), ('Burger', 3)]",427.8,-37.8115241,144.9592206,0,7.882,15.9897558
ORDC04820,2018-02-22,09:41:24,Breakfast,NS,"[('Pancake', 6), ('Cereal', 5)]",250.5,-37.8237149,145.0153917,0,11.88,17.0721965
ORDK05707,2018-11-14,18:28:43,Dinner,BK,"[('Salmon', 7), ('Shrimp', 5), ('Pasta', 1), ('Fish&Chips', 9)]",899.5,-37.8196346,144.9849957,0,6.279,13.0603795
ORDI02929,2018-08-02,15:05:54,Lunch,NS,"[('Steak', 3), ('Chicken', 4), ('Fries', 5)]",323.0,-37.8010998,144.9826828,0,7.294,13.0883546
ORDX08202,2018-12-23,19:49:51,Dinner,BK,"[('Fish&Chips', 5), ('Salmon', 7), ('Pasta', 6)]",627.0,-37.8039043,144.9368881,0,10.494,19.4175884
ORDY07943,2018-11-21,18:49:00,Dinner,TP,"[('Salmon', 4), ('Shrimp', 6)]",488.0,-37.8075471,144.9791872,0,9.535,13.9340734
ORDJ04531,2018-10-10,17:17:44,Dinner,TP,"[('Shrimp', 9), ('Pasta', 3), ('Salmon', 6), ('Fish&Chips', 3)]",919.5,-37.8123715,144.9537051,0,9.055,13.1148738
ORDJ03957,2018-02-11,09:21:07,Breakfast,TP,"[('Eggs', 3), ('Cereal', 4), ('Coffee', 3), ('Pancake', 1)]",196.75,-37.814129,144.9713601,0,8.416,12.6129133
ORDK02256,2018-02-07,09:10:59,Breakfast,BK,"[('Cereal', 5), ('Coffee', 8), ('Eggs', 8), ('Pancake', 6)]",486.5,-37.8169681,144.9901651,0,5.604,5.2168782
ORDX09595,2018-05-23,12:43:56,Lunch,BK,"[('Salad', 1), ('Fries', 8), ('Burger', 3), ('Steak', 2)]",296.2,-37.8145754,144.9843249,0,6.078,11.5285879
ORDX05182,2018-08-01,14:55:46,Lunch,BK,"[('Fries', 10), ('Salad', 6), ('Chicken', 1), ('Burger', 3), ('Steak', 4)]",528.2,-37.8054914,144.9736456,0,6.769,12.3973053
ORDB04988,2018-12-24,19:49:51,Dinner,TP,"[('Pasta', 10), ('Shrimp', 4), ('Fish&Chips', 7), ('Salmon', 7)]",1023.0,-37.8019112,144.9578642,0,9.497,13.2940631
ORDK10673,2018-07-05,14:05:04,Lunch,BK,"[('Chicken', 5), ('Salad', 6), ('Steak', 7), ('Burger', 9), ('Fries', 3)]",893.2,-37.8003244,144.9604039,0,8.258,13.7734266
ORDZ09855,2018-01-05,08:00:00,Breakfast,NS,"[('Cereal', 2), ('Pancake', 1), ('Eggs', 6)]",198.25,-37.8124175,144.9369108,1,10.138,10.951698749999998
ORDA04575,2018-01-17,08:30:25,Breakfast,BK,"[('Cereal', 5), ('Coffee', 7)]",157.5,-37.8064151,144.9560738,1,8.094,6.8751725
ORDJ07849,2018-09-11,16:27:02,Dinner,TP,"[('Fish&Chips', 3), ('Pasta', 3), ('Salmon', 3)]",310.5,-37.8079412,144.969917,0,9.178,13.0074991
ORDB06432,2018-01-11,08:10:08,Breakfast,TP,"[('Eggs', 7), ('Coffee', 8), ('Cereal', 6), ('Pancake', 6)]",485.5,-37.8064113,144.9570686,1,9.323,5.6143847
ORDK09072,2018-01-08,08:10:08,Breakfast,BK,"[('Pancake', 1), ('Cereal', 7)]",171.25,-37.817493,144.9799953,1,6.622,5.3830169
