order_id,date,time,order_type,branch_code,order_items,order_price,customer_lat,customer_lon,customerHasloyalty?,distance_to_customer_KM,delivery_fee
ORDX03071,2018-11-17,18:38:52,Dinner,BK,"[('Salmon', 6), ('Fish&Chips', 7)]",491.0,-37.8069338,144.9502481,0,8.784,18.4491708
ORDC02862,2018-08-16,15:26:11,Lunch,NS,"[('Steak', 2), ('Fries', 8), ('Burger', 4), ('Salad', 9), ('Chicken', 3)]",560.8,-37.8096028,144.9888748,0,8.452,14.0680304
ORDI03568,2018-08-12,15:26:11,Lunch,NS,"[('Steak', 4), ('Burger', 1)]",211.0,-37.8047091,144.9893648,0,8.128,15.9800967
ORDA09064,2018-01-05,08:00:00,Breakfast,BK,"[('Pancake', 4), ('Eggs', 5)]",207.0,-37.812409,144.9369316,1,10.228,7.4804687
ORDI06860,2018-12-27,20:00:00,Dinner,NS,"[('Pasta', 4), ('Salmon', 3), ('Shrimp', 4)]",449.0,-37.8194841,144.9526672,0,9.33,15.8414169
ORDB06748,2018-01-15,08:20:16,Breakfast,TP,"[('Coffee', 6), ('Eggs', 3), ('Pancake', 9), ('Cereal', 7)]",476.25,-37.8085998,145.0004766,1,11.272,6.6034959
ORDJ01021,2018-07-02,13:54:55,Lunch,TP,"[('Chicken', 2), ('Salad', 9)]",218.8,-37.8215393,145.007936,0,11.36,14.4811867
ORDA03555,2018-08-13,15:26:11,Lunch,BK,"[('Steak', 3), ('Burger', 7), ('Fries', 2), ('Chicken', 10), ('Salad', 4)]",764.8,-37.8244434,144.9702946,0,8.103,14.4810814
ORDB02834,2018-09-30,16:57:27,Dinner,BK,"[('Salmon', 9), ('Pasta', 1)]",396.5,-37.7982175,144.9773982,0,7.231,15.0246434
ORDZ09570,2018-06-11,13:14:21,Lunch,NS,"[('Salad', 6), ('Burger', 8), ('Chicken', 8)]",607.2,-37.8230565,144.942479,0,10.74,16.2989813
ORDI07160,2018-12-11,19:29:34,Dinner,NS,"[('Shrimp', 3), ('Pasta', 9)]",409.5,-37.8012931,144.956809,0,7.466,13.1458871
ORDK01990,2018-09-04,16:06:45,Dinner,BK,"[('Salmon', 1), ('Pasta', 4)]",151.0,-37.8002304,144.9432404,0,9.427,16.2394663
ORDI02475,2018-06-24,13:44:47,Lunch,NS,"[('Chicken', 4), ('Steak', 10)]",578.0,-37.8254076,144.9827765,0,9.53,17.7343033
ORDZ02342,2018-03-06,10:01:41,Breakfast,NS,"[('Eggs', 8), ('Cereal', 3), ('Coffee', 3)]",261.5,-37.8132199,144.9514842,0,8.576,13.7890096
ORDJ05681,2018-01-30,08:50:42,Breakfast,TP,"[('Eggs', 4), ('Pancake', 7)]",257.75,-37.8061098,144.9294827,0,11.438,13.2581382
ORDZ05487,2018-07-28,14:55:46,Lunch,NS,"[('Steak', 1), ('Chicken', 7), ('Burger', 5), ('Fries', 5), ('Salad', 7)]",604.4,-37.8129222,144.9598423,0,8.043,15.3923979
ORDZ01183,2018-03-17,10:21:58,Breakfast,NS,"[('Eggs', 2), ('Coffee', 2)]",59.0,-37.8220638,144.9740074,0,9.168,15.8792659
ORDX03803,2018-12-27,20:00:00,Dinner,BK,"[('Shrimp', 5), ('Pasta', 7), ('Salmon', 4), ('Fish&Chips', 2)]",696.5,-37.8194359,144.9526438,0,8.84,15.9294708
ORDK02203,2018-03-11,10:11:49,Breakfast,BK,"[('Pancake', 8), ('Cereal', 5), ('Eggs', 7), ('Coffee', 8)]",513.0,-37.802562,144.9637171,0,7.755,14.8917409
ORDI08632,2018-01-02,08:00:00,Breakfast,NS,"[('Eggs', 8), ('Coffee', 6)]",221.0,-37.8127164,144.9429385,1,9.316,7.6446644
ORDX00456,2018-11-25,18:49:00,Dinner,BK,"[('Salmon', 8), ('Pasta', 5), ('Shrimp', 5)]",735.5,-37.8060922,144.9584327,0,7.842,16.7998405
ORDI01807,2018-11-12,18:28:43,Dinner,NS,"[('Pasta', 1), ('Shrimp', 3), ('Fish&Chips', 6), ('Salmon', 8)]",727.5,-37.8162933,144.9584283,0,8.601,14.3659599
ORDB09026,2018-12-20,19:39:43,Dinner,TP,"[('Fish&Chips', 4), ('Shrimp', 10), ('Salmon', 4)]",844.0,-37.8211416,144.9551161,0,8.174,13.1302303
ORDB09330,2018-06-07,13:14:21,Lunch,TP,"[('Steak', 10), ('Chicken', 3)]",546.0,-37.8036744,144.9493033,0,9.893,13.077465
ORDX09677,2018-09-19,16:37:10,Dinner,BK,"[('Fish&Chips', 9), ('Shrimp', 6), ('Pasta', 10)]",914.0,-37.81955,144.9723494,0,7.858,14.5325011
ORDJ04693,2018-11-19,18:38:52,Dinner,TP,"[('Salmon', 8), ('Fish&Chips', 10), ('Pasta', 6), ('Shrimp', 2)]",951.0,-37.8115594,145.0063953,0,11.561,15.2249322
ORDK09896,2018-04-06,11:02:32,Breakfast,BK,"[('Cereal', 3), ('Pancake', 2), ('Eggs', 2)]",155.5,-37.8024464,144.9573361,0,8.243,13.0335241
ORDI04468,2018-04-10,11:12:40,Breakfast,NS,"[('Pancake', 7), ('Cereal', 10)]",379.75,-37.8243107,144.9801851,0,9.151,13.9212016
ORDZ04248,2018-03-24,10:42:15,Breakfast,NS,"[('Cereal', 7), ('Coffee', 4), ('Pancake', 2)]",225.5,-37.8198836,144.9853014,0,9.092,16.0783123
ORDK07974,2018-05-17,12:23:39,Lunch,BK,"[('Fries', 1), ('Chicken', 5), ('Burger', 8), ('Salad', 9)]",574.8,-37.8085307,144.9632838,0,7.508,13.0593563
ORDZ08958,2018-07-11,14:15:12,Lunch,NS,"[('Salad', 3), ('Fries', 7), ('Steak', 8)]",495.6,-37.8106689,144.9675789,0,7.366,12.515126
ORDY00049,2018-02-27,09:51:32,Breakfast,TP,"[('Eggs', 6), ('Cereal', 2)]",174.0,-37.8227754,144.9743881,0,8.292,11.0798428
ORDI09898,2018-01-03,08:00:00,Breakfast,NS,"[('Eggs', 10), ('Cereal', 1), ('Coffee', 9), ('Pancake', 7)]",478.25,-37.813523,144.941156,1,9.5,7.2792979
ORDZ05198,2018-01-01,08:00:00,Breakfast,NS,"[('Eggs', 7), ('Cereal', 5), ('Pancake', 3), ('Coffee', 10)]",406.75,-37.8262913,144.930619,1,11.663,8.7916139
ORDK08875,2018-12-30,20:00:00,Dinner,BK,"[('Pasta', 4), ('Salmon', 10), ('Fish&Chips', 4)]",660.0,-37.8064264,144.9610387,0,7.605,17.094375
ORDK08278,2018-10-03,17:07:36,Dinner,BK,"[('Shrimp', 8), ('Pasta', 2), ('Fish&Chips', 4)]",627.0,-37.8089395,144.9576682,0,7.956,14.4297192
ORDK02785,2018-03-08,10:11:49,Breakfast,BK,"[('Coffee', 10), ('Eggs', 7), ('Pancake', 4), ('Cereal', 5)]",431.0,-37.8079064,144.9730355,0,6.522,11.5114068
ORDZ09578,2018-04-04,11:02:32,Breakfast,NS,"[('Cereal', 9), ('Eggs', 2)]",233.0,-37.8251736,144.9473259,0,10.23,14.9450105
ORDI05007,2018-04-03,11:02:32,Breakfast,NS,"[('Coffee', 7), ('Eggs', 8)]",228.5,-37.8034225,144.9386034,0,9.677,14.2928074
ORDI09354,2018-01-11,08:20:16,Breakfast,NS,"[('Cereal', 10), ('Eggs', 6), ('Coffee', 6)]",387.0,-37.8161258,144.9641152,1,8.258,6.7323613
ORDB04550,2018-11-23,18:49:00,Dinner,TP,"[('Shrimp', 5), ('Pasta', 10), ('Salmon', 2), ('Fish&Chips', 3)]",732.0,-37.7938788,144.9851776,0,11.36,15.198401
ORDX03495,2018-05-12,12:13:31,Lunch,BK,"[('Chicken', 5), ('Fries', 6), ('Salad', 9)]",386.8,-37.8010997,144.9607876,0,8.156,16.5664941
ORDI02732,2018-05-23,12:43:56,Lunch,NS,"[('Fries', 6), ('Chicken', 1), ('Steak', 2), ('Salad', 4)]",262.8,-37.8145754,144.9843249,0,8.673,14.0333082
ORDJ04132,2018-10-24,17:48:10,Dinner,TP,"[('Fish&Chips', 8), ('Pasta', 9), ('Salmon', 3)]",650.5,-37.8187389,144.9666657,0,7.595,11.2836393
ORDX09184,2018-08-01,14:55:46,Lunch,BK,"[('Salad', 5), ('Chicken', 10), ('Steak', 2), ('Burger', 10), ('Fries', 8)]",902.0,-37.7990664,144.9728229,0,7.53,13.0328957
ORDA04664,2018-11-10,18:18:35,Dinner,BK,"[('Fish&Chips', 6), ('Pasta', 6)]",375.0,-37.7996692,144.9573838,0,8.411,17.5508756
ORDX04767,2018-12-27,20:00:00,Dinner,BK,"[('Fish&Chips', 8), ('Pasta', 4), ('Salmon', 8), ('Shrimp', 5)]",988.0,-37.8177909,144.9321877,0,10.632,17.3047483
ORDX09163,2018-09-30,16:57:27,Dinner,BK,"[('Salmon', 6), ('Pasta', 6), ('Shrimp', 9)]",897.0,-37.8119762,144.9637681,0,7.534,17.3791167
ORDK03139,2018-08-14,15:26:11,Lunch,BK,"[('Fries', 6), ('Chicken', 4), ('Steak', 5), ('Salad', 4), ('Burger', 3)]",586.8,-37.8120686,144.9720701,0,6.952,12.7133069
ORDK09642,2018-03-10,10:11:49,Breakfast,BK,"[('Coffee', 1), ('Eggs', 3)]",73.5,-37.8168831,144.9644054,0,7.737,14.9134156
ORDZ07131,2018-09-23,16:47:19,Dinner,NS,"[('Salmon', 1), ('Fish&Chips', 6)]",251.0,-37.8089317,144.9489188,0,8.846,16.8741352
ORDX04721,2018-07-12,14:25:21,Lunch,BK,"[('Steak', 1), ('Chicken', 10)]",365.0,-37.8275615,144.9828777,0,8.053,14.2296579
ORDA06684,2018-10-14,17:27:53,Dinner,BK,"[('Salmon', 7), ('Shrimp', 5), ('Pasta', 7), ('Fish&Chips', 9)]",1064.5,-37.8049963,144.9716078,0,7.02,16.3892747
ORDA02102,2018-06-14,13:24:30,Lunch,BK,"[('Fries', 9), ('Salad', 3), ('Steak', 5)]",384.6,-37.8049984,144.9528734,0,8.495,14.4050234
ORDC02870,2018-04-03,11:02:32,Breakfast,NS,"[('Pancake', 6), ('Cereal', 10)]",355.5,-37.8095154,144.983081,0,8.102,12.4008112
ORDA07398,2018-10-17,17:38:01,Dinner,BK,"[('Shrimp', 10), ('Fish&Chips', 1), ('Salmon', 8)]",903.0,-37.8246871,145.0058273,0,4.923,11.2898601
ORDJ01826,2018-10-10,17:17:44,Dinner,TP,"[('Pasta', 5), ('Fish&Chips', 6)]",347.5,-37.8125484,144.9531176,0,9.033,13.0676496
ORDC04374,2018-10-15,17:27:53,Dinner,NS,"[('Fish&Chips', 4), ('Salmon', 5)]",345.0,-37.8137403,144.9953796,0,9.416,15.3317583
ORDC09189,2018-05-20,12:33:48,Lunch,BK,"[('Burger', 2), ('Salad', 10), ('Fries', 2), ('Steak', 2), ('Chicken', 4)]",476.0,-37.8020399,144.9570886,0,8.201,15.3717263
ORDJ03704,2018-12-19,19:39:43,Dinner,TP,"[('Pasta', 9), ('Fish&Chips', 2)]",317.5,-37.8148928,144.9375485,0,10.371,14.8522912
ORDK06768,2018-08-17,15:36:20,Lunch,BK,"[('Salad', 9), ('Fries', 10), ('Chicken', 4), ('Steak', 1)]",447.8,-37.8173782,144.95609,0,8.476,13.9520824
ORDI08821,2018-05-05,12:03:22,Lunch,NS,"[('Steak', 7), ('Fries', 8), ('Salad', 4), ('Burger', 7)]",696.8,-37.804721,144.9274749,0,10.573,17.9324778
ORDJ09735,2018-06-08,13:14:21,Lunch,TP,"[('Steak', 6), ('Burger', 8), ('Salad', 5)]",604.0,-37.8160448,144.9651252,0,7.848,11.297365
ORDX10424,2018-04-16,11:22:49,Breakfast,BK,"[('Coffee', 8), ('Pancake', 1), ('Eggs', 8), ('Cereal', 9)]",449.25,-37.8099718,144.9705825,0,6.882,12.0461031
ORDX09476,2018-11-16,18:38:52,Dinner,BK,"[('Salmon', 4), ('Shrimp', 7), ('Fish&Chips', 9)]",857.0,-37.8126384,144.9647772,0,7.5,14.5124846
ORDC07066,2018-08-13,15:26:11,Lunch,NS,"[('Steak', 3), ('Burger', 2)]",197.0,-37.8237047,144.9699591,0,9.033,13.9559434
ORDX05821,2018-09-04,16:06:45,Dinner,BK,"[('Salmon', 8), ('Pasta', 8)]",548.0,-37.8017304,144.980203,0,6.658,13.3403396
ORDK05787,2018-05-17,12:23:39,Lunch,BK,"[('Fries', 4), ('Steak', 5), ('Chicken', 3), ('Salad', 9), ('Burger', 8)]",771.8,-37.8085307,144.9632838,0,7.508,13.3169644
ORDA06406,2018-11-05,18:08:27,Dinner,BK,"[('Pasta', 4), ('Shrimp', 10), ('Fish&Chips', 5), ('Salmon', 5)]",1030.0,-37.8159722,144.9636147,0,7.881,14.9013672
ORDY09495,2018-09-25,16:47:19,Dinner,TP,"[('Shrimp', 5), ('Fish&Chips', 10), ('Salmon', 4), ('Pasta', 7)]",976.5,-37.8157926,144.9733955,0,8.294,13.0910926
ORDJ06740,2018-05-15,12:23:39,Lunch,TP,"[('Chicken', 5), ('Salad', 5), ('Steak', 8), ('Burger', 5), ('Fries', 10)]",881.0,-37.8201296,144.9586554,0,7.83,11.7559682
ORDI06633,2018-03-24,10:42:15,Breakfast,NS,"[('Coffee', 5), ('Pancake', 9)]",255.75,-37.8181639,144.9257187,0,10.084,16.8007068
ORDK02393,2018-10-28,17:58:18,Dinner,BK,"[('Salmon', 4), ('Shrimp', 5), ('Fish&Chips', 9), ('Pasta', 5)]",886.5,-37.8087842,144.9487878,0,8.986,18.5462214
ORDI06612,2018-10-17,17:38:01,Dinner,NS,"[('Pasta', 7), ('Fish&Chips', 10)]",542.5,-37.8027845,144.9504177,0,8.278,13.8671422
ORDK09318,2018-09-15,16:27:02,Dinner,BK,"[('Shrimp', 4), ('Salmon', 1), ('Pasta', 2)]",312.0,-37.8014698,145.0035543,0,5.324,14.6181021
ORDC07746,2018-06-30,13:54:55,Lunch,NS,"[('Chicken', 7), ('Burger', 2), ('Salad', 6), ('Steak', 9)]",794.2,-37.8109485,144.9389868,0,9.724,17.1970783
ORDK08561,2018-10-28,17:58:18,Dinner,BK,"[('Shrimp', 6), ('Salmon', 2), ('Pasta', 6), ('Fish&Chips', 9)]",886.0,-37.8096337,144.947356,0,9.052,19.3961286
ORDY02877,2018-12-06,19:09:17,Dinner,TP,"[('Fish&Chips', 6), ('Salmon', 5), ('Shrimp', 6)]",739.0,-37.8158211,144.9658061,0,7.905,11.9888768
ORDX07846,2018-02-14,09:21:07,Breakfast,BK,"[('Coffee', 8), ('Eggs', 3)]",126.0,-37.8107321,145.0100246,0,3.346,7.9102829
ORDA03070,2018-04-03,11:02:32,Breakfast,BK,"[('Cereal', 9), ('Pancake', 4)]",286.0,-37.8100517,144.9836969,0,5.669,10.4671754
ORDY09811,2018-09-08,16:16:54,Dinner,TP,"[('Shrimp', 2), ('Pasta', 9), ('Fish&Chips', 5)]",530.5,-37.8210245,144.9767611,0,8.711,14.1764681
ORDK04388,2018-12-20,19:39:43,Dinner,BK,"[('Fish&Chips', 9), ('Salmon', 9)]",684.0,-37.8206578,144.9559141,0,8.514,15.1260214
ORDJ03259,2018-03-01,09:51:32,Breakfast,TP,"[('Cereal', 4), ('Eggs', 4), ('Coffee', 8), ('Pancake', 8)]",426.0,-37.8232057,144.9379006,0,9.735,12.5381575
ORDX06093,2018-07-16,14:25:21,Lunch,BK,"[('Steak', 7), ('Fries', 6), ('Chicken', 1)]",419.0,-37.8216861,144.9898245,0,6.021,11.6361275
ORDX03126,2018-05-03,12:03:22,Lunch,BK,"[('Steak', 8), ('Fries', 7), ('Salad', 10), ('Burger', 9), ('Chicken', 10)]",1215.0,-37.8162972,144.9637915,0,7.786,14.2486179
ORDC02044,2018-03-08,10:11:49,Breakfast,NS,"[('Coffee', 8), ('Eggs', 2), ('Pancake', 8), ('Cereal', 1)]",319.0,-37.8186568,144.9831785,0,9.021,13.7807673
ORDJ09487,2018-03-28,10:52:23,Breakfast,TP,"[('Cereal', 9), ('Pancake', 3)]",261.75,-37.8033438,144.971893,0,10.025,11.9957817
ORDB10355,2018-08-05,15:05:54,Lunch,TP,"[('Fries', 6), ('Steak', 10), ('Chicken', 3), ('Burger', 9), ('Salad', 7)]",1017.4,-37.8108611,144.9688291,0,8.735,14.0581383
ORDI03927,2018-06-18,13:34:38,Lunch,NS,"[('Burger', 6), ('Fries', 10), ('Steak', 1), ('Chicken', 7), ('Salad', 9)]",729.8,-37.814711,144.9635619,0,8.083,13.5025238
ORDB06016,2018-08-06,15:05:54,Lunch,TP,"[('Burger', 5), ('Steak', 5)]",380.0,-37.8070101,144.9657635,0,9.069,12.6777964
ORDA08372,2018-06-06,13:04:13,Lunch,BK,"[('Chicken', 6), ('Fries', 5), ('Burger', 1), ('Salad', 3)]",334.6,-37.8240473,144.9537707,0,8.976,14.1317441
ORDI10653,2018-06-14,13:24:30,Lunch,NS,"[('Chicken', 9), ('Steak', 8), ('Fries', 10)]",768.0,-37.8049984,144.9528734,0,8.213,13.9273318
ORDC08731,2018-08-14,15:26:11,Lunch,NS,"[('Chicken', 1), ('Burger', 1), ('Salad', 1), ('Steak', 2)]",170.2,-37.8020454,144.9667811,0,6.555,11.8402887
ORDB05787,2018-07-14,14:25:21,Lunch,TP,"[('Fries', 1), ('Salad', 9), ('Chicken', 7)]",390.8,-37.8192177,145.0056829,0,11.094,15.7233035
ORDY02308,2018-09-13,16:27:02,Dinner,TP,"[('Pasta', 3), ('Fish&Chips', 2)]",152.5,-37.8045269,144.9272992,0,11.473,14.8951309
ORDK05956,2018-04-26,11:43:05,Breakfast,BK,"[('Pancake', 1), ('Coffee', 1), ('Cereal', 2), ('Eggs', 8)]",249.75,-37.8182336,144.9652288,0,7.637,12.7776014
ORDJ07500,2018-02-25,09:41:24,Breakfast,TP,"[('Cereal', 5), ('Coffee', 10), ('Eggs', 2)]",224.0,-37.8145906,144.9616841,0,8.156,12.6396044
ORDY11051,2018-08-11,15:16:03,Lunch,TP,"[('Steak', 4), ('Fries', 7), ('Chicken', 1)]",296.0,-37.8200687,144.9651511,0,7.262,12.2759604
ORDX00564,2018-10-27,17:58:18,Dinner,BK,"[('Shrimp', 2), ('Pasta', 7), ('Salmon', 3), ('Fish&Chips', 4)]",563.5,-37.8042068,144.9679829,0,7.255,16.4984735
ORDJ02491,2018-08-21,15:36:20,Lunch,TP,"[('Chicken', 9), ('Burger', 5), ('Steak', 7), ('Salad', 4)]",826.8,-37.8124762,144.9940134,0,10.526,13.4494529
ORDC10216,2018-03-28,10:52:23,Breakfast,NS,"[('Pancake', 2), ('Cereal', 9)]",237.5,-37.8178799,144.9160052,0,11.463,16.2640333
ORDB09218,2018-08-15,15:26:11,Lunch,TP,"[('Burger', 3), ('Steak', 8), ('Fries', 6), ('Salad', 7), ('Chicken', 6)]",837.4,-37.8090155,144.9837022,0,9.653,12.5838738
ORDZ08078,2018-04-27,11:53:14,Breakfast,NS,"[('Eggs', 7), ('Pancake', 10), ('Coffee', 8), ('Cereal', 10)]",666.5,-37.8101638,144.9668186,0,7.334,12.5739327
ORDI00341,2018-04-08,11:12:40,Breakfast,NS,"[('Cereal', 2), ('Pancake', 7), ('Eggs', 3), ('Coffee', 10)]",352.75,-37.80896,144.966146,0,7.204,14.5547487
ORDK09240,2018-02-20,09:31:16,Breakfast,BK,"[('Cereal', 8), ('Coffee', 1), ('Eggs', 4), ('Pancake', 4)]",360.5,-37.8269132,144.9895501,0,6.59,11.3734972
ORDY09713,2018-04-27,11:53:14,Breakfast,TP,"[('Coffee', 10), ('Pancake', 6)]",220.5,-37.8232442,144.9680212,0,7.967,10.6408522
ORDI09424,2018-11-06,18:08:27,Dinner,NS,"[('Pasta', 5), ('Shrimp', 1), ('Fish&Chips', 10)]",541.5,-37.8152788,144.9636282,0,8.163,14.1425185
ORDY03312,2018-01-05,08:00:00,Breakfast,TP,"[('Eggs', 9), ('Coffee', 9), ('Pancake', 8)]",459.5,-37.8127253,144.9383965,1,10.334,6.7591744
ORDC04650,2018-09-01,15:56:37,Lunch,NS,"[('Salad', 9), ('Steak', 6), ('Chicken', 3), ('Fries', 7)]",604.8,-37.816991,144.9531909,0,8.954,16.7689644
ORDC10537,2018-01-16,08:30:25,Breakfast,NS,"[('Pancake', 2), ('Cereal', 4), ('Coffee', 8)]",192.5,-37.8059715,144.9340829,1,10.017,7.9603154
ORDZ10142,2018-02-23,09:41:24,Breakfast,NS,"[('Eggs', 9), ('Pancake', 8), ('Cereal', 8), ('Coffee', 3)]",582.5,-37.8065987,144.9329051,0,10.203,15.4326356
ORDZ01748,2018-02-09,09:10:59,Breakfast,NS,"[('Eggs', 10), ('Cereal', 5)]",325.0,-37.8157898,144.9693159,0,7.995,12.9602654
ORDX00725,2018-06-17,13:34:38,Lunch,TP,"[('Chicken', 9), ('Steak', 9), ('Salad', 9), ('Fries', 5), ('Burger', 1)]",938.8,-37.8098444,144.9938212,0,10.489,12.9453611
ORDY07279,2018-12-21,19:39:43,Dinner,TP,"[('Salmon', 1), ('Fish&Chips', 6)]",251.0,-37.8193484,144.9614874,0,7.633,12.0399616
ORDK08345,2018-05-14,12:23:39,Lunch,BK,"[('Fries', 9), ('Chicken', 4), ('Steak', 1), ('Salad', 9)]",435.8,-37.8052151,144.9372108,0,9.831,15.4547686
ORDI07547,2018-09-19,16:37:10,Dinner,NS,"[('Fish&Chips', 7), ('Salmon', 8)]",573.0,-37.8072565,144.9578256,0,8.066,14.3012336
ORDX03756,2018-07-18,14:35:29,Lunch,BK,"[('Fries', 6), ('Salad', 7), ('Chicken', 8), ('Burger', 2), ('Steak', 3)]",645.4,-37.8155355,144.9773808,0,6.499,11.7616129
ORDB03450,2018-04-26,11:43:05,Breakfast,TP,"[('Coffee', 10), ('Eggs', 4), ('Cereal', 7)]",310.0,-37.8048421,144.9713149,0,9.81,12.7041848
ORDJ10485,2018-04-08,11:12:40,Breakfast,TP,"[('Pancake', 10), ('Cereal', 2)]",284.5,-37.8004023,144.9518424,0,10.004,13.5669014
ORDI11104,2018-02-27,09:51:32,Breakfast,NS,"[('Coffee', 1), ('Cereal', 9)]",196.5,-37.8017179,144.917208,0,11.112,15.619844
ORDJ06741,2018-03-30,10:52:23,Breakfast,TP,"[('Cereal', 9), ('Pancake', 10), ('Coffee', 2), ('Eggs', 3)]",512.5,-37.800787,144.957445,0,9.62,12.308023
ORDC04647,2018-07-06,14:05:04,Lunch,NS,"[('Chicken', 3), ('Salad', 2), ('Fries', 3)]",166.4,-37.8058105,144.9882413,0,8.089,13.3990354
ORDB09378,2018-03-10,10:11:49,Breakfast,TP,"[('Coffee', 3), ('Eggs', 8)]",198.5,-37.8065909,144.9629864,0,9.008,13.2728146
ORDY10864,2018-06-03,13:04:13,Lunch,TP,"[('Steak', 8), ('Salad', 5), ('Chicken', 3), ('Burger', 4), ('Fries', 10)]",786.0,-37.8168724,144.9699267,0,7.962,12.737952
ORDA01781,2018-06-24,13:44:47,Lunch,BK,"[('Burger', 3), ('Steak', 7)]",408.0,-37.8256672,144.9828436,0,7.026,15.067726
ORDA10936,2018-11-04,18:08:27,Dinner,BK,"[('Pasta', 7), ('Fish&Chips', 3)]",297.5,-37.8115569,144.9525449,0,8.487,18.0055919
ORDZ00744,2018-06-20,13:34:38,Lunch,NS,"[('Steak', 10), ('Fries', 1), ('Chicken', 7), ('Burger', 10)]",996.0,-37.8153397,144.940552,0,9.697,14.6777967
ORDZ01847,2018-11-29,18:59:09,Dinner,NS,"[('Salmon', 2), ('Fish&Chips', 10)]",432.0,-37.8090838,144.9555017,0,8.093,13.9089196
ORDJ08988,2018-11-07,18:18:35,Dinner,TP,"[('Pasta', 5), ('Shrimp', 10)]",677.5,-37.8102148,144.9614603,0,8.492,12.8396594
ORDZ02982,2018-11-09,18:18:35,Dinner,NS,"[('Shrimp', 9), ('Salmon', 4), ('Pasta', 5)]",787.5,-37.8210995,144.9578039,0,9.268,15.4207751
ORDB06144,2018-10-28,17:58:18,Dinner,TP,"[('Pasta', 8), ('Fish&Chips', 2), ('Salmon', 6)]",536.0,-37.8214261,144.9918042,0,9.737,14.7508363
ORDA02045,2018-03-20,10:32:06,Breakfast,BK,"[('Cereal', 5), ('Pancake', 3), ('Eggs', 5)]",287.75,-37.8111047,144.9587613,0,7.873,12.6608412
ORDA00598,2018-12-25,19:49:51,Dinner,BK,"[('Shrimp', 4), ('Fish&Chips', 9)]",531.0,-37.8159483,145.0094537,0,3.845,10.1189375
ORDI00988,2018-07-23,14:45:38,Lunch,NS,"[('Chicken', 7), ('Fries', 8), ('Burger', 10), ('Salad', 8), ('Steak', 9)]",1172.6,-37.8243216,144.9515999,0,10.032,15.087298
ORDJ01891,2018-10-07,17:17:44,Dinner,TP,"[('Fish&Chips', 1), ('Shrimp', 4), ('Salmon', 9)]",620.0,-37.8233257,144.9607415,0,7.669,14.0500462
ORDY05598,2018-05-17,12:23:39,Lunch,TP,"[('Steak', 10), ('Chicken', 7), ('Burger', 1), ('Fries', 4), ('Salad', 4)]",821.8,-37.7997225,144.9526858,0,10.088,13.5055674
ORDA01510,2018-06-01,12:54:05,Lunch,BK,"[('Salad', 1), ('Chicken', 7)]",241.2,-37.8213485,144.9537613,0,8.712,14.3171733
ORDY09537,2018-05-10,12:13:31,Lunch,TP,"[('Chicken', 5), ('Fries', 3), ('Steak', 3), ('Salad', 4)]",399.8,-37.8042242,144.9934496,0,10.997,13.9453926
ORDJ08129,2018-11-25,18:49:00,Dinner,TP,"[('Salmon', 3), ('Shrimp', 8), ('Fish&Chips', 8)]",835.0,-37.8213233,144.9832777,0,8.964,14.0749833
ORDK00415,2018-07-08,14:15:12,Lunch,BK,"[('Salad', 8), ('Burger', 5)]",292.6,-37.8137929,144.9421197,0,9.539,17.515538
ORDJ04036,2018-03-31,10:52:23,Breakfast,TP,"[('Eggs', 4), ('Pancake', 3), ('Cereal', 7)]",307.75,-37.8163682,144.9656303,0,7.821,12.5278092
ORDX02875,2018-11-21,18:38:52,Dinner,BK,"[('Salmon', 8), ('Pasta', 5), ('Fish&Chips', 1), ('Shrimp', 2)]",608.5,-37.8082574,144.9766257,0,6.221,13.0556276
ORDB01169,2018-09-14,16:27:02,Dinner,TP,"[('Pasta', 2), ('Fish&Chips', 5), ('Shrimp', 1)]",284.0,-37.8113599,144.9272092,0,11.475,15.1872895
ORDK06157,2018-09-13,16:27:02,Dinner,BK,"[('Pasta', 6), ('Fish&Chips', 3), ('Salmon', 3)]",393.0,-37.8082901,144.9535219,0,10.352,17.5866407
ORDI08448,2018-11-03,18:08:27,Dinner,NS,"[('Fish&Chips', 6), ('Pasta', 9)]",457.5,-37.8176644,144.9705281,0,8.715,16.4511279
ORDJ04662,2018-01-04,08:00:00,Breakfast,TP,"[('Pancake', 2), ('Eggs', 10)]",268.5,-37.8161788,145.0074542,1,11.495,6.6526218
ORDX01890,2018-10-16,17:27:53,Dinner,BK,"[('Pasta', 3), ('Fish&Chips', 4)]",222.5,-37.8225448,144.991686,0,5.936,12.4310003
ORDY08788,2018-09-20,16:37:10,Dinner,TP,"[('Shrimp', 10), ('Pasta', 7), ('Fish&Chips', 4)]",872.5,-37.7865539,145.0197062,0,15.763,18.7761929
ORDK08127,2018-09-10,16:16:54,Dinner,BK,"[('Shrimp', 4), ('Pasta', 8), ('Fish&Chips', 4)]",576.0,-37.8071804,144.996243,0,4.918,11.9685835
ORDB07748,2018-12-09,19:19:26,Dinner,TP,"[('Pasta', 3), ('Shrimp', 7), ('Fish&Chips', 2), ('Salmon', 9)]",899.5,-37.8102615,144.9340606,0,10.758,16.4099213
ORDJ01703,2018-03-21,10:32:06,Breakfast,TP,"[('Coffee', 4), ('Cereal', 3), ('Pancake', 3)]",165.75,-37.8168214,144.9617058,0,7.996,10.6162667
ORDC04814,2018-02-16,09:31:16,Breakfast,NS,"[('Pancake', 1), ('Eggs', 2)]",68.25,-37.8012908,144.9457529,0,8.486,13.0025733
ORDY05423,2018-07-26,14:45:38,Lunch,TP,"[('Salad', 4), ('Fries', 3), ('Steak', 6), ('Burger', 5), ('Chicken', 6)]",721.8,-37.8231647,144.9697386,0,8.002,11.6114293
ORDA06474,2018-07-18,14:35:29,Lunch,BK,"[('Burger', 10), ('Steak', 9)]",715.0,-37.8015939,144.977902,0,6.869,13.2018313
ORDJ00597,2018-05-03,12:03:22,Lunch,TP,"[('Salad', 10), ('Steak', 5), ('Chicken', 9), ('Burger', 3)]",778.0,-37.8067761,144.9583254,0,9.063,12.57076
ORDJ03645,2018-01-10,08:10:08,Breakfast,TP,"[('Eggs', 7), ('Coffee', 9), ('Pancake', 4)]",318.5,-37.8140603,144.9633688,1,8.035,5.9280139
ORDX05772,2018-06-10,13:14:21,Lunch,BK,"[('Fries', 2), ('Chicken', 4), ('Salad', 9)]",306.8,-37.8143353,144.9633931,0,7.731,15.9306077
ORDZ01385,2018-09-25,16:47:19,Dinner,NS,"[('Shrimp', 1), ('Salmon', 3), ('Pasta', 1)]",204.5,-37.8210187,144.9473538,0,9.834,15.6649817
ORDY02070,2018-10-30,17:58:18,Dinner,TP,"[('Shrimp', 10), ('Fish&Chips', 2)]",610.0,-37.8012198,144.9630195,0,9.686,13.0183251
ORDB06809,2018-08-27,15:46:28,Lunch,TP,"[('Burger', 7), ('Chicken', 4), ('Fries', 8)]",441.0,-37.8212146,144.9559613,0,8.12,11.7133463
ORDZ05596,2018-01-28,08:50:42,Breakfast,NS,"[('Coffee', 1), ('Cereal', 8), ('Eggs', 10), ('Pancake', 5)]",516.75,-37.8238298,144.9434817,0,10.61,18.0422551
ORDB10576,2018-02-20,09:31:16,Breakfast,TP,"[('Eggs', 5), ('Coffee', 1), ('Pancake', 7), ('Cereal', 1)]",308.25,-37.8149572,144.9493267,0,9.4,11.65857
ORDZ09840,2018-06-10,13:14:21,Lunch,NS,"[('Steak', 5), ('Chicken', 3), ('Fries', 10)]",441.0,-37.8149256,144.9451166,0,9.172,16.6154514
ORDI00522,2018-05-28,12:54:05,Lunch,NS,"[('Chicken', 8), ('Steak', 7)]",571.0,-37.8093498,144.9544911,0,8.264,13.5011211
ORDB02959,2018-06-28,13:54:55,Lunch,TP,"[('Chicken', 6), ('Salad', 5), ('Fries', 5), ('Steak', 3), ('Burger', 1)]",504.0,-37.8247609,144.9887203,0,9.224,12.5773739
ORDX07366,2018-11-10,18:18:35,Dinner,BK,"[('Pasta', 8), ('Salmon', 7), ('Fish&Chips', 3)]",612.0,-37.8162374,144.9677926,0,7.384,17.0951752
ORDC05953,2018-12-08,19:19:26,Dinner,NS,"[('Fish&Chips', 10), ('Salmon', 3), ('Shrimp', 9)]",959.0,-37.8209007,144.9476645,0,9.801,17.8001447
ORDY00387,2018-08-12,15:26:11,Lunch,TP,"[('Salad', 9), ('Burger', 2), ('Fries', 9), ('Chicken', 8)]",580.8,-37.8133091,144.964859,0,8.217,12.9324668
ORDB04381,2018-06-13,13:24:30,Lunch,TP,"[('Steak', 9), ('Chicken', 6), ('Burger', 6), ('Fries', 6), ('Salad', 5)]",941.0,-37.8129158,145.0118065,0,12.255,15.3069776
ORDA07186,2018-07-20,14:35:29,Lunch,BK,"[('Salad', 1), ('Chicken', 10)]",337.2,-37.8223897,144.9551443,0,8.738,14.6729744
ORDB10872,2018-03-09,10:11:49,Breakfast,TP,"[('Eggs', 9), ('Coffee', 2)]",213.0,-37.8188263,144.9843814,0,9.16,11.866537
ORDI08608,2018-10-06,17:07:36,Dinner,NS,"[('Shrimp', 8), ('Pasta', 6), ('Fish&Chips', 6), ('Salmon', 10)]",1217.0,-37.8152137,144.9664904,0,8.156,16.0298293
ORDB01648,2018-10-31,17:58:18,Dinner,TP,"[('Fish&Chips', 7), ('Pasta', 6), ('Salmon', 2)]",492.0,-37.820259,144.9925829,0,9.899,13.7260774
ORDY06942,2018-07-08,14:15:12,Lunch,TP,"[('Salad', 10), ('Steak', 4), ('Burger', 3)]",445.0,-37.8084236,144.9760374,0,9.217,13.8753263
ORDY10593,2018-10-08,17:17:44,Dinner,TP,"[('Shrimp', 6), ('Pasta', 7)]",516.5,-37.8136573,144.9572853,0,8.419,12.8237997
ORDC02648,2018-08-23,15:46:28,Lunch,NS,"[('Salad', 6), ('Steak', 10)]",553.2,-37.8231189,144.9885019,0,9.443,14.6888144
ORDA04476,2018-01-25,08:40:33,Breakfast,BK,"[('Coffee', 7), ('Cereal', 4), ('Pancake', 3)]",209.25,-37.8106851,144.9624361,0,7.675,12.1870585
ORDK05839,2018-03-13,10:21:58,Breakfast,BK,"[('Coffee', 3), ('Pancake', 8)]",216.5,-37.8198468,144.9670168,0,7.826,12.4551042
ORDB02005,2018-07-13,14:25:21,Lunch,TP,"[('Salad', 8), ('Burger', 9)]",416.6,-37.8251658,144.9539166,0,8.74,12.4447277
ORDC08350,2018-04-04,11:02:32,Breakfast,NS,"[('Pancake', 4), ('Eggs', 10), ('Cereal', 4), ('Coffee', 6)]",446.0,-37.817408,144.9458239,0,9.435,14.3951849
ORDY05926,2018-06-04,13:04:13,Lunch,TP,"[('Steak', 4), ('Salad', 3), ('Burger', 9), ('Chicken', 1), ('Fries', 9)]",650.6,-37.8199627,144.9730753,0,8.006,11.2511843
ORDY03538,2018-07-14,14:25:21,Lunch,TP,"[('Fries', 6), ('Burger', 10)]",382.0,-37.8186616,145.0007874,0,10.658,15.4340075
ORDI01095,2018-03-19,10:32:06,Breakfast,NS,"[('Cereal', 10), ('Eggs', 6), ('Coffee', 5)]",379.5,-37.8172405,144.9673527,0,8.292,13.1908817
ORDK03610,2018-06-06,13:04:13,Lunch,BK,"[('Burger', 2), ('Salad', 7), ('Steak', 6), ('Fries', 3)]",488.4,-37.7999508,144.9891929,0,6.235,12.0707786
ORDX05211,2018-08-26,15:46:28,Lunch,BK,"[('Chicken', 6), ('Burger', 10), ('Salad', 7), ('Fries', 2), ('Steak', 10)]",1096.4,-37.8117446,144.9671826,0,7.279,15.0904816
ORDZ04699,2018-06-13,13:24:30,Lunch,NS,"[('Burger', 3), ('Salad', 10), ('Chicken', 5)]",425.0,-37.8266822,144.980468,0,9.516,14.545512
ORDZ06092,2018-08-01,14:55:46,Lunch,NS,"[('Salad', 9), ('Chicken', 5), ('Steak', 6), ('Fries', 9)]",692.8,-37.7990664,144.9728229,0,6.383,11.879776
ORDX06238,2018-12-17,19:39:43,Dinner,BK,"[('Shrimp', 10), ('Fish&Chips', 4)]",680.0,-37.8065212,144.9493519,0,8.723,15.2529046
ORDA02912,2018-04-11,11:12:40,Breakfast,BK,"[('Eggs', 3), ('Coffee', 4), ('Pancake', 5)]",217.25,-37.8406543,144.9930679,0,10.893,15.7742014
ORDA02576,2018-06-27,13:44:47,Lunch,BK,"[('Chicken', 9), ('Burger', 7), ('Steak', 10), ('Fries', 3), ('Salad', 10)]",1163.0,-37.8243408,144.985531,0,7.103,13.2550418
ORDY09845,2018-03-18,10:32:06,Breakfast,TP,"[('Pancake', 9), ('Cereal', 7), ('Coffee', 9)]",432.75,-37.81106,144.9727426,0,8.89,13.154739
ORDX02776,2018-05-29,12:54:05,Lunch,BK,"[('Salad', 2), ('Chicken', 10), ('Fries', 10), ('Steak', 9), ('Burger', 6)]",1065.4,-37.8176125,145.0108561,0,4.123,9.8698757
ORDB07892,2018-03-22,10:32:06,Breakfast,TP,"[('Eggs', 5), ('Cereal', 8)]",278.0,-37.8196497,144.9795095,0,8.727,10.6640071
ORDI00267,2018-04-23,11:43:05,Breakfast,NS,"[('Cereal', 10), ('Pancake', 8), ('Coffee', 1)]",411.5,-37.8188716,144.9534479,0,9.235,14.1061008
ORDK07882,2018-11-09,18:18:35,Dinner,BK,"[('Pasta', 10), ('Fish&Chips', 3), ('Shrimp', 5)]",650.0,-37.8169015,144.9706053,0,7.888,15.0577689
ORDY02496,2018-10-11,17:17:44,Dinner,TP,"[('Pasta', 7), ('Salmon', 9), ('Fish&Chips', 4)]",701.5,-37.8118673,144.9529678,0,8.999,13.1724903
ORDX08011,2018-03-25,10:42:15,Breakfast,BK,"[('Eggs', 8), ('Cereal', 3)]",239.0,-37.8179995,144.971118,0,7.361,14.9661768
ORDY09142,2018-09-14,16:27:02,Dinner,TP,"[('Salmon', 2), ('Fish&Chips', 6), ('Pasta', 2)]",347.0,-37.8130455,144.9659299,0,8.48,12.8654496
ORDK00201,2018-04-27,11:43:05,Breakfast,BK,"[('Cereal', 10), ('Pancake', 8)]",404.0,-37.8102024,144.9655319,0,7.31,12.3694752
ORDI00885,2018-12-14,19:29:34,Dinner,NS,"[('Pasta', 4), ('Salmon', 6)]",356.0,-37.8218255,144.9749359,0,9.176,14.9753441
ORDA08879,2018-01-03,08:00:00,Breakfast,BK,"[('Cereal', 2), ('Eggs', 8)]",218.0,-37.8136747,144.9409178,1,9.618,7.4810486
ORDK03793,2018-07-29,14:55:46,Lunch,BK,"[('Steak', 10), ('Burger', 6), ('Chicken', 3)]",732.0,-37.8179198,144.9461738,0,9.458,17.8498301
ORDC02354,2018-11-28,18:59:09,Dinner,TP,"[('Salmon', 8), ('Shrimp', 10), ('Pasta', 8)]",1088.0,-37.8208075,144.9666369,0,7.52,14.7348123
ORDX04136,2018-10-24,17:48:10,Dinner,BK,"[('Salmon', 7), ('Fish&Chips', 6), ('Shrimp', 7), ('Pasta', 6)]",1040.0,-37.8203784,144.9666014,0,7.9,14.3188781
ORDB05019,2018-02-22,09:41:24,Breakfast,TP,"[('Pancake', 6), ('Eggs', 4)]",233.5,-37.8125296,145.0049281,0,11.416,13.6689616
ORDI02647,2018-01-10,08:10:08,Breakfast,NS,"[('Pancake', 9), ('Cereal', 10), ('Coffee', 6)]",473.25,-37.8011933,144.9566989,1,7.457,6.0992244
ORDK00010,2018-01-05,08:00:00,Breakfast,BK,"[('Pancake', 2), ('Cereal', 2), ('Coffee', 2)]",105.5,-37.8127454,144.9371911,1,10.178,8.0522844
ORDJ01078,2018-02-08,09:10:59,Breakfast,TP,"[('Eggs', 10), ('Pancake', 6)]",365.5,-37.8021122,144.9607651,0,9.48,11.8845431
ORDX05563,2018-04-04,11:02:32,Breakfast,BK,"[('Coffee', 7), ('Pancake', 4), ('Cereal', 2), ('Eggs', 7)]",345.5,-37.7984351,144.986345,0,6.459,10.6596021
ORDY08461,2018-02-27,09:51:32,Breakfast,TP,"[('Pancake', 4), ('Cereal', 4)]",181.0,-37.8064139,144.9322645,0,10.99,13.4047278
ORDI10721,2018-08-30,15:56:37,Lunch,NS,"[('Chicken', 10), ('Steak', 4), ('Burger', 4), ('Salad', 8)]",761.6,-37.8202868,145.0081578,0,10.939,16.7209124
ORDA01508,2018-05-06,12:03:22,Lunch,BK,"[('Salad', 9), ('Fries', 5)]",214.8,-37.8079541,144.9336726,0,10.18,18.7986611
ORDB07681,2018-04-29,11:53:14,Breakfast,TP,"[('Coffee', 7), ('Eggs', 10), ('Pancake', 10), ('Cereal', 3)]",578.0,-37.8174985,145.0055245,0,11.22,14.8009957
ORDC07235,2018-10-03,17:07:36,Dinner,NS,"[('Fish&Chips', 2), ('Shrimp', 4), ('Salmon', 3)]",409.0,-37.8022564,144.9633256,0,6.942,12.6875645
ORDI08482,2018-04-06,11:02:32,Breakfast,NS,"[('Eggs', 6), ('Pancake', 1)]",156.25,-37.8145324,144.9502117,0,10.347,15.769438
ORDI10817,2018-10-18,17:38:01,Dinner,NS,"[('Shrimp', 1), ('Fish&Chips', 4), ('Pasta', 3)]",276.5,-37.8031325,144.9512061,0,8.118,14.2815334
ORDB09562,2018-08-26,15:46:28,Lunch,TP,"[('Burger', 3), ('Steak', 9), ('Chicken', 7), ('Fries', 3), ('Salad', 8)]",895.6,-37.8121742,144.9381852,0,10.867,15.5504586
ORDZ10383,2018-05-21,12:33:48,Lunch,NS,"[('Chicken', 10), ('Burger', 10), ('Salad', 5), ('Fries', 1)]",728.0,-37.798968,144.9629597,0,6.928,12.1134264
ORDZ00350,2018-02-13,09:21:07,Breakfast,NS,"[('Cereal', 8), ('Pancake', 10)]",410.5,-37.8113389,145.0085819,0,10.198,14.4830297
ORDI07369,2018-04-18,11:32:57,Breakfast,NS,"[('Eggs', 1), ('Cereal', 5), ('Pancake', 9), ('Coffee', 7)]",397.75,-37.8039159,144.9699614,0,6.63,11.7003514
ORDK04906,2018-06-23,13:44:47,Lunch,BK,"[('Fries', 7), ('Salad', 5), ('Steak', 1), ('Chicken', 5), ('Burger', 1)]",406.0,-37.8097864,144.9639256,0,7.401,16.1660183
ORDJ05258,2018-08-07,15:16:03,Lunch,BK,"[('Fries', 4), ('Salad', 4), ('Burger', 9), ('Chicken', 5), ('Steak', 9)]",960.8,-37.8004479,144.958841,0,8.276,13.138716
ORDC00028,2018-10-29,17:58:18,Dinner,NS,"[('Shrimp', 2), ('Fish&Chips', 1), ('Pasta', 7), ('Salmon', 8)]",663.5,-37.8196669,144.9809954,0,8.806,14.9324259
ORDI02076,2018-03-20,10:32:06,Breakfast,NS,"[('Cereal', 8), ('Pancake', 1)]",192.25,-37.8121172,144.9592222,0,7.991,13.2423435
ORDJ01761,2018-02-11,09:21:07,Breakfast,TP,"[('Coffee', 1), ('Cereal', 10), ('Pancake', 7)]",387.25,-37.8128061,144.96827,0,8.442,12.9884504
ORDB01057,2018-10-01,16:57:27,Dinner,TP,"[('Pasta', 6), ('Fish&Chips', 10), ('Shrimp', 3)]",677.0,-37.8189238,144.9467475,0,9.164,13.3904724
ORDA01690,2018-10-05,17:07:36,Dinner,BK,"[('Salmon', 3), ('Pasta', 10), ('Shrimp', 9), ('Fish&Chips', 10)]",1234.0,-37.8087451,144.9557643,0,8.137,15.0029035
ORDZ09146,2018-02-25,09:41:24,Breakfast,NS,"[('Cereal', 7), ('Pancake', 8)]",341.0,-37.8147548,144.9615148,0,8.246,15.0941078
ORDX07696,2018-04-10,11:12:40,Breakfast,BK,"[('Cereal', 1), ('Eggs', 10)]",241.0,-37.8047159,144.9723857,0,6.967,10.8805935
ORDI08384,2018-03-05,10:01:41,Breakfast,NS,"[('Cereal', 10), ('Pancake', 5)]",331.25,-37.815787,144.9601527,0,8.513,13.3277087
ORDJ06944,2018-06-28,13:54:55,Lunch,TP,"[('Salad', 6), ('Chicken', 7), ('Burger', 8)]",575.2,-37.8130716,144.9599792,0,8.436,12.0036962
ORDI10162,2018-08-26,15:46:28,Lunch,NS,"[('Steak', 2), ('Burger', 10), ('Salad', 6)]",503.2,-37.8111233,144.9691289,0,7.336,14.6785184
ORDY02377,2018-08-16,15:26:11,Lunch,TP,"[('Steak', 9), ('Burger', 2), ('Salad', 4), ('Chicken', 10)]",855.8,-37.8175499,144.9554956,0,8.357,12.2998866
ORDJ08066,2018-04-01,10:52:23,Breakfast,TP,"[('Pancake', 3), ('Coffee', 9), ('Eggs', 1)]",162.25,-37.8062689,144.9584207,0,9.053,13.4128837
ORDK09589,2018-11-06,18:18:35,Dinner,BK,"[('Salmon', 1), ('Fish&Chips', 10)]",391.0,-37.8093687,144.9607656,0,7.74,14.9674297
ORDB01880,2018-09-06,16:16:54,Dinner,TP,"[('Fish&Chips', 8), ('Shrimp', 4), ('Pasta', 5)]",633.5,-37.8159687,144.9339652,0,10.735,14.3865238
ORDK01192,2018-03-13,10:21:58,Breakfast,BK,"[('Pancake', 2), ('Eggs', 10), ('Cereal', 10), ('Coffee', 9)]",546.0,-37.8144011,144.9493105,0,9.665,14.2772315
ORDA00447,2018-10-27,17:58:18,Dinner,BK,"[('Salmon', 1), ('Shrimp', 3)]",203.0,-37.8178238,144.9641079,0,7.782,16.7940499
ORDA02490,2018-04-09,11:12:40,Breakfast,BK,"[('Coffee', 5), ('Eggs', 4)]",125.5,-37.7997618,144.9777416,0,7.012,12.7001913
ORDZ07332,2018-07-29,14:55:46,Lunch,NS,"[('Steak', 6), ('Burger', 10), ('Fries', 5)]",640.0,-37.8148687,144.9663033,0,8.007,15.7648502
ORDC01241,2018-04-24,11:43:05,Breakfast,NS,"[('Pancake', 5), ('Cereal', 1), ('Eggs', 1), ('Coffee', 3)]",186.75,-37.8030418,144.99806,0,8.699,13.7815399
ORDA06151,2018-06-06,13:04:13,Lunch,BK,"[('Steak', 1), ('Chicken', 10)]",365.0,-37.8240473,144.9537707,0,8.976,14.5817684
ORDY10795,2018-07-27,14:45:38,Lunch,TP,"[('Burger', 4), ('Fries', 7), ('Steak', 10)]",658.0,-37.8239685,144.9827317,0,8.682,12.249824
ORDI09232,2018-08-15,15:26:11,Lunch,NS,"[('Fries', 4), ('Steak', 2), ('Chicken', 10), ('Salad', 1), ('Burger', 7)]",692.2,-37.8081851,144.9756244,0,7.292,12.7058425
ORDX02458,2018-01-19,08:30:25,Breakfast,BK,"[('Pancake', 8), ('Eggs', 6), ('Cereal', 3), ('Coffee', 8)]",449.0,-37.8041429,144.9670209,1,7.336,6.071067
ORDX07568,2018-11-23,18:49:00,Dinner,BK,"[('Salmon', 8), ('Fish&Chips', 5), ('Pasta', 7)]",695.5,-37.8072851,144.9683263,0,6.95,13.5296383
ORDC01942,2018-07-03,14:05:04,Lunch,NS,"[('Steak', 7), ('Chicken', 4)]",443.0,-37.8132847,144.9654165,0,7.826,13.4588651
ORDJ05140,2018-02-04,09:00:50,Breakfast,TP,"[('Eggs', 3), ('Pancake', 5), ('Cereal', 1), ('Coffee', 9)]",275.75,-37.8158223,144.9927827,0,10.125,14.1430231
ORDB10814,2018-10-28,17:58:18,Dinner,TP,"[('Pasta', 4), ('Salmon', 8)]",438.0,-37.8165074,144.9685455,0,8.034,13.8124152
ORDI04201,2018-01-07,08:10:08,Breakfast,NS,"[('Cereal', 1), ('Eggs', 6), ('Pancake', 10), ('Coffee', 2)]",410.5,-37.805423,144.953791,1,8.12,7.3898588
ORDB01503,2018-01-07,08:10:08,Breakfast,TP,"[('Eggs', 7), ('Pancake', 6), ('Cereal', 10), ('Coffee', 5)]",547.0,-37.8122474,144.937112,1,10.661,6.8962796
ORDA04027,2018-07-01,13:54:55,Lunch,BK,"[('Fries', 10), ('Chicken', 1), ('Salad', 2), ('Steak', 10), ('Burger', 4)]",760.4,-37.8073409,144.9364254,0,10.091,18.8087544
ORDB09196,2018-08-17,15:36:20,Lunch,TP,"[('Burger', 3), ('Salad', 3)]",144.6,-37.8126414,144.9485032,0,10.317,13.5761348
ORDZ08477,2018-02-06,09:10:59,Breakfast,NS,"[('Cereal', 8), ('Pancake', 3)]",240.75,-37.8220435,144.9799504,0,8.899,13.3842294
ORDB01967,2018-04-17,11:22:49,Breakfast,TP,"[('Cereal', 10), ('Coffee', 3)]",232.5,-37.8116745,144.964772,0,8.404,11.0572009
ORDK07841,2018-05-14,12:23:39,Lunch,BK,"[('Steak', 1), ('Burger', 6)]",231.0,-37.8177602,144.9788454,0,6.764,12.3723763
ORDB03714,2018-07-13,14:25:21,Lunch,TP,"[('Chicken', 2), ('Salad', 5)]",150.0,-37.816173,145.0074038,0,11.49,14.9637607
ORDB01912,2018-12-26,19:49:51,Dinner,TP,"[('Pasta', 10), ('Fish&Chips', 3), ('Shrimp', 4), ('Salmon', 8)]",924.0,-37.8068336,145.0133295,0,12.63,16.5071329
ORDC10001,2018-02-10,09:10:59,Breakfast,NS,"[('Pancake', 3), ('Coffee', 3), ('Eggs', 4)]",183.25,-37.8064308,144.9595923,0,7.649,14.6636463
ORDK06494,2018-08-18,15:36:20,Lunch,BK,"[('Steak', 8), ('Burger', 9), ('Chicken', 6)]",831.0,-37.8123922,144.9698729,0,7.11,15.8293909
ORDK02555,2018-11-10,18:18:35,Dinner,BK,"[('Pasta', 2), ('Salmon', 6), ('Shrimp', 2), ('Fish&Chips', 10)]",759.0,-37.8199973,145.0108301,0,4.428,13.8160637
ORDY10975,2018-12-28,20:00:00,Dinner,TP,"[('Fish&Chips', 7), ('Pasta', 1), ('Shrimp', 9)]",758.5,-37.8195394,144.9526931,0,8.541,13.0568053
ORDA06266,2018-04-23,11:43:05,Breakfast,BK,"[('Cereal', 3), ('Coffee', 6), ('Eggs', 4), ('Pancake', 8)]",390.0,-37.8190181,144.9526176,0,8.879,13.9391367
ORDB00261,2018-02-25,09:41:24,Breakfast,TP,"[('Cereal', 4), ('Pancake', 10), ('Eggs', 6), ('Coffee', 7)]",511.0,-37.8136563,144.9612615,0,8.255,12.9804413
ORDB03661,2018-01-17,08:30:25,Breakfast,NS,"[('Coffee', 10), ('Eggs', 4), ('Pancake', 9), ('Cereal', 6)]",507.25,-37.812071,145.0156606,1,11.079,7.4935845
ORDI03416,2018-04-24,11:43:05,Breakfast,NS,"[('Pancake', 1), ('Cereal', 9), ('Eggs', 4), ('Coffee', 5)]",338.75,-37.8022658,144.9620746,0,7.031,12.1781176
ORDY03920,2018-07-08,14:15:12,Lunch,TP,"[('Burger', 2), ('Fries', 4), ('Salad', 4)]",178.8,-37.8067796,144.9994498,0,11.293,15.8638663
ORDI01146,2018-03-10,10:11:49,Breakfast,NS,"[('Eggs', 8), ('Cereal', 9), ('Pancake', 5)]",486.25,-37.8230387,144.9759409,0,9.086,15.9394242
ORDC03361,2018-06-21,13:34:38,Lunch,NS,"[('Fries', 6), ('Chicken', 8), ('Burger', 3), ('Salad', 7)]",541.4,-37.7994744,145.0021407,0,9.688,15.2459289
ORDZ04845,2018-12-01,19:09:17,Dinner,NS,"[('Fish&Chips', 9), ('Salmon', 4), ('Shrimp', 5), ('Pasta', 9)]",996.5,-37.8083191,144.9363986,0,10.03,17.9558649
ORDI08461,2018-02-24,09:41:24,Breakfast,NS,"[('Cereal', 5), ('Coffee', 3), ('Eggs', 4)]",215.5,-37.823097,144.973591,0,9.293,16.0363955
ORDB09326,2018-04-27,11:53:14,Breakfast,TP,"[('Eggs', 3), ('Coffee', 10), ('Cereal', 1)]",162.0,-37.8233885,144.9680947,0,7.893,10.5321587
ORDI03651,2018-05-11,12:13:31,Lunch,NS,"[('Steak', 8), ('Salad', 3)]",411.6,-37.8250996,145.0100926,0,11.543,16.5815818
ORDC08173,2018-06-18,13:34:38,Lunch,NS,"[('Fries', 5), ('Salad', 6), ('Steak', 6), ('Chicken', 3), ('Burger', 3)]",622.2,-37.8227542,145.0140718,0,11.698,17.1562251
ORDK05042,2018-08-01,14:55:46,Lunch,BK,"[('Burger', 1), ('Steak', 9)]",436.0,-37.7990664,144.9728229,0,7.53,12.9918484
ORDZ09859,2018-01-03,08:00:00,Breakfast,NS,"[('Eggs', 8), ('Pancake', 5), ('Cereal', 7), ('Coffee', 10)]",519.25,-37.8136469,144.9409022,1,9.531,7.356608
ORDX03873,2018-03-28,10:52:23,Breakfast,BK,"[('Cereal', 5), ('Eggs', 3), ('Coffee', 5), ('Pancake', 1)]",232.75,-37.8097134,144.9879612,0,5.211,9.1696043
ORDA04957,2018-10-27,17:58:18,Dinner,BK,"[('Pasta', 9), ('Salmon', 9), ('Shrimp', 7), ('Fish&Chips', 1)]",1029.5,-37.8053404,144.9960208,0,4.936,14.0323899
ORDA04757,2018-11-07,18:18:35,Dinner,BK,"[('Pasta', 5), ('Fish&Chips', 4), ('Salmon', 10), ('Shrimp', 9)]",1173.5,-37.8113243,144.9619041,0,7.666,14.5191019
ORDC09343,2018-10-02,17:07:36,Dinner,NS,"[('Fish&Chips', 3), ('Salmon', 6), ('Shrimp', 10)]",891.0,-37.8029251,144.9632079,0,7.02,12.8038773
ORDZ01295,2018-05-25,12:43:56,Lunch,NS,"[('Burger', 7), ('Steak', 9), ('Chicken', 8), ('Fries', 5), ('Salad', 4)]",1006.8,-37.8250986,144.9569029,0,9.72,14.9995146
ORDK03935,2018-12-29,20:00:00,Dinner,BK,"[('Fish&Chips', 1), ('Pasta', 10)]",310.0,-37.8070841,144.962701,0,7.494,16.7363446
ORDA00519,2018-09-15,16:27:02,Dinner,BK,"[('Salmon', 3), ('Fish&Chips', 1), ('Shrimp', 5)]",428.0,-37.8149101,144.958935,0,11.286,20.9414364
ORDI04797,2018-06-05,13:04:13,Lunch,NS,"[('Burger', 2), ('Salad', 7), ('Chicken', 10), ('Steak', 1)]",547.4,-37.8115739,144.9299113,0,10.654,16.0557426
ORDX05576,2018-07-15,14:25:21,Lunch,BK,"[('Fries', 5), ('Burger', 2), ('Salad', 9)]",276.8,-37.8162228,145.0074469,0,3.94,12.5281655
ORDI03555,2018-07-02,13:54:55,Lunch,NS,"[('Chicken', 6), ('Burger', 7), ('Fries', 5)]",469.0,-37.8151327,144.9449192,0,9.196,14.6000986
ORDY10800,2018-05-23,12:43:56,Lunch,TP,"[('Burger', 10), ('Fries', 10)]",430.0,-37.8167718,145.0155095,0,12.911,15.943855
ORDZ04966,2018-04-23,11:43:05,Breakfast,NS,"[('Pancake', 7), ('Coffee', 7), ('Cereal', 2), ('Eggs', 6)]",396.25,-37.8194003,144.9527902,0,9.312,14.7406165
ORDC02729,2018-11-19,18:38:52,Dinner,NS,"[('Shrimp', 3), ('Pasta', 8)]",382.0,-37.8167464,145.0092391,0,10.791,17.2054567
ORDY03330,2018-03-25,10:42:15,Breakfast,TP,"[('Eggs', 10), ('Cereal', 2), ('Pancake', 6)]",407.5,-37.814917,144.9452473,0,9.546,13.5913219
ORDX02382,2018-01-21,08:30:25,Breakfast,BK,"[('Cereal', 8), ('Pancake', 6), ('Coffee', 3), ('Eggs', 3)]",402.0,-37.7997609,144.9726302,0,7.457,14.9018696
ORDJ10474,2018-10-18,17:38:01,Dinner,TP,"[('Shrimp', 1), ('Salmon', 10), ('Fish&Chips', 2)]",534.0,-37.8187568,144.967071,0,7.564,12.2448789
ORDZ10649,2018-08-30,15:56:37,Lunch,NS,"[('Salad', 7), ('Burger', 8)]",368.4,-37.8089247,144.9616839,0,7.818,13.3387582
ORDZ08122,2018-09-03,16:06:45,Dinner,NS,"[('Shrimp', 3), ('Salmon', 1), ('Fish&Chips', 5)]",378.0,-37.8126315,144.9650456,0,7.903,13.6448141
ORDI01363,2018-01-06,08:10:08,Breakfast,NS,"[('Pancake', 8), ('Cereal', 8), ('Coffee', 8), ('Eggs', 2)]",466.0,-37.8107328,145.0023363,1,9.64,8.3225638
ORDY02964,2018-01-16,08:20:16,Breakfast,TP,"[('Pancake', 1), ('Coffee', 7), ('Eggs', 7)]",230.75,-37.8061632,144.9347763,1,10.756,6.2371649
ORDX04394,2018-01-22,08:40:33,Breakfast,BK,"[('Cereal', 7), ('Coffee', 7), ('Eggs', 8)]",375.5,-37.8073743,144.9629188,0,7.447,12.8201357
ORDI07853,2018-11-05,18:08:27,Dinner,NS,"[('Shrimp', 5), ('Salmon', 5), ('Fish&Chips', 5)]",650.0,-37.8162134,144.963933,0,8.283,14.7050358
ORDZ02081,2018-04-03,11:02:32,Breakfast,NS,"[('Pancake', 6), ('Cereal', 6), ('Eggs', 5)]",381.5,-37.8120724,144.9871468,0,8.561,13.3319851
ORDK04978,2018-04-23,11:43:05,Breakfast,BK,"[('Pancake', 1), ('Eggs', 2)]",68.25,-37.8175194,144.9693294,0,7.698,12.3615711
ORDJ10574,2018-08-01,14:55:46,Lunch,TP,"[('Steak', 9), ('Burger', 4), ('Salad', 7), ('Fries', 1), ('Chicken', 10)]",981.4,-37.8187144,144.9167461,0,11.685,14.9126277
ORDZ09312,2018-01-12,08:20:16,Breakfast,NS,"[('Eggs', 2), ('Cereal', 4), ('Coffee', 10)]",203.0,-37.7981012,144.9528279,1,7.769,6.3795689
ORDX02167,2018-12-03,19:09:17,Dinner,BK,"[('Salmon', 10), ('Fish&Chips', 8)]",690.0,-37.8162869,144.9634104,0,7.827,14.2295162
ORDY06571,2018-06-25,13:44:47,Lunch,TP,"[('Chicken', 3), ('Burger', 6), ('Salad', 1), ('Fries', 6), ('Steak', 3)]",506.2,-37.8243928,144.9845817,0,8.931,12.056818
ORDK06955,2018-08-15,15:26:11,Lunch,BK,"[('Steak', 7), ('Salad', 3), ('Chicken', 8), ('Burger', 9), ('Fries', 10)]",1021.6,-37.8093288,144.9863112,0,5.351,11.3404304
ORDY00686,2018-05-07,12:13:31,Lunch,TP,"[('Chicken', 6), ('Salad', 6), ('Steak', 2), ('Fries', 9)]",493.2,-37.8190391,144.9467214,0,9.158,11.8661569
ORDB01785,2018-02-05,09:10:59,Breakfast,TP,"[('Eggs', 7), ('Coffee', 6), ('Pancake', 1), ('Cereal', 8)]",391.25,-37.8077028,144.9577781,0,9.093,11.5704416
ORDI01246,2018-02-08,09:10:59,Breakfast,NS,"[('Eggs', 3), ('Pancake', 1), ('Coffee', 7)]",142.75,-37.82175,144.981128,0,9.049,13.9039276
ORDJ04749,2018-12-08,19:19:26,Dinner,TP,"[('Fish&Chips', 10), ('Shrimp', 7)]",728.0,-37.8208592,144.9481191,0,8.918,14.3285344
ORDX07534,2018-11-02,18:08:27,Dinner,BK,"[('Shrimp', 3), ('Fish&Chips', 1), ('Pasta', 10), ('Salmon', 7)]",759.0,-37.8022862,144.9802774,0,6.717,13.2936057
ORDB10312,2018-05-15,12:23:39,Lunch,TP,"[('Chicken', 4), ('Salad', 2), ('Burger', 7), ('Steak', 10), ('Fries', 3)]",865.4,-37.8024871,145.0051415,0,12.196,15.0505022
ORDC02550,2018-09-15,16:27:02,Dinner,NS,"[('Shrimp', 10), ('Fish&Chips', 9)]",855.0,-37.8153663,144.9746393,0,7.913,16.2919039
ORDI01715,2018-06-05,13:04:13,Lunch,NS,"[('Burger', 6), ('Salad', 9), ('Steak', 8), ('Fries', 3)]",736.8,-37.8037495,144.918308,0,11.393,16.8466386
ORDB02026,2018-02-07,09:10:59,Breakfast,TP,"[('Eggs', 9), ('Cereal', 6)]",324.0,-37.8182748,144.9755146,0,8.394,11.0296736
ORDI08912,2018-08-21,15:36:20,Lunch,NS,"[('Burger', 6), ('Chicken', 7), ('Steak', 4), ('Salad', 3), ('Fries', 5)]",701.6,-37.8205597,144.9813601,0,9.638,14.8151956
ORDZ10182,2018-01-24,08:40:33,Breakfast,NS,"[('Eggs', 9), ('Cereal', 7)]",345.0,-37.8071465,144.9336525,0,10.35,15.2661841
ORDC10632,2018-12-26,19:49:51,Dinner,NS,"[('Shrimp', 3), ('Salmon', 8), ('Fish&Chips', 9)]",805.0,-37.8133483,144.9719334,0,7.663,13.3017281
ORDY02115,2018-12-30,20:00:00,Dinner,TP,"[('Pasta', 7), ('Shrimp', 2)]",300.5,-37.8064264,144.9610387,0,9.038,15.2130142
ORDX00101,2018-08-19,15:36:20,Lunch,BK,"[('Steak', 6), ('Chicken', 7)]",494.0,-37.8151079,144.9605892,0,7.99,16.2031354
ORDY05912,2018-09-21,16:37:10,Dinner,TP,"[('Pasta', 10), ('Salmon', 4), ('Shrimp', 4)]",655.0,-37.8196958,144.9468973,0,9.144,12.7827187
ORDJ09069,2018-07-17,14:35:29,Lunch,TP,"[('Salad', 8), ('Chicken', 3)]",233.6,-37.8123775,145.016109,0,13.182,15.7507364
ORDJ10734,2018-07-30,14:55:46,Lunch,TP,"[('Salad', 3), ('Fries', 6), ('Burger', 3), ('Steak', 8), ('Chicken', 5)]",736.6,-37.8121119,144.9739817,0,8.787,12.5142849
ORDJ00468,2018-08-02,15:05:54,Lunch,TP,"[('Steak', 10), ('Fries', 8), ('Salad', 10), ('Burger', 6), ('Chicken', 3)]",1000.0,-37.8153174,144.9854775,0,9.452,12.4312644
ORDX07102,2018-04-22,11:32:57,Breakfast,BK,"[('Eggs', 10), ('Cereal', 5)]",325.0,-37.818784,144.9532152,0,8.813,16.0122448
ORDZ03916,2018-09-24,16:47:19,Dinner,NS,"[('Shrimp', 6), ('Fish&Chips', 9), ('Salmon', 9), ('Pasta', 1)]",1035.5,-37.8217141,144.9738554,0,9.114,14.4993924
ORDA05104,2018-09-06,16:06:45,Dinner,BK,"[('Salmon', 10), ('Fish&Chips', 2), ('Pasta', 2)]",535.0,-37.808497,144.9767555,0,6.211,13.5234006
ORDX01943,2018-11-02,18:08:27,Dinner,BK,"[('Pasta', 4), ('Salmon', 6), ('Fish&Chips', 1)]",391.0,-37.8261076,144.9491163,0,9.566,17.1931511
ORDB05337,2018-10-02,17:07:36,Dinner,TP,"[('Fish&Chips', 5), ('Salmon', 7), ('Shrimp', 10), ('Pasta', 10)]",1277.0,-37.8006424,144.9776168,0,10.149,13.887699
ORDY07589,2018-06-06,13:04:13,Lunch,TP,"[('Salad', 9), ('Burger', 8), ('Chicken', 5), ('Fries', 9)]",670.8,-37.8052673,144.9424834,0,10.274,13.8628026
ORDK02138,2018-12-07,19:19:26,Dinner,BK,"[('Shrimp', 2), ('Salmon', 3), ('Fish&Chips', 6)]",441.0,-37.8237333,144.9868249,0,6.484,13.3861351
ORDJ07098,2018-03-16,10:21:58,Breakfast,TP,"[('Coffee', 8), ('Cereal', 7), ('Pancake', 5)]",328.25,-37.8065874,144.9414819,0,10.273,12.6586096
ORDX05961,2018-07-01,13:54:55,Lunch,BK,"[('Burger', 8), ('Fries', 1)]",260.0,-37.8039087,144.957357,0,9.906,18.8773749
ORDA06187,2018-10-16,17:27:53,Dinner,BK,"[('Salmon', 6), ('Fish&Chips', 7)]",491.0,-37.8204958,144.9916339,0,5.736,12.7044264
ORDB06932,2018-05-09,12:13:31,Lunch,TP,"[('Fries', 10), ('Steak', 5)]",345.0,-37.8166038,144.9869954,0,9.516,12.2884423
ORDC06757,2018-07-16,14:25:21,Lunch,NS,"[('Salad', 3), ('Chicken', 10), ('Burger', 8)]",619.6,-37.8226356,144.9517932,0,9.759,15.0468438
ORDX01767,2018-12-19,19:39:43,Dinner,BK,"[('Pasta', 8), ('Shrimp', 7), ('Salmon', 3), ('Fish&Chips', 9)]",1036.0,-37.8167618,144.9318636,0,10.727,18.3025911
ORDY02413,2018-05-18,12:33:48,Lunch,TP,"[('Salad', 4), ('Steak', 5), ('Burger', 7)]",510.8,-37.8009923,144.9566858,0,9.62,13.0652863
ORDJ05036,2018-10-06,17:17:44,Dinner,TP,"[('Shrimp', 4), ('Fish&Chips', 10), ('Salmon', 1)]",607.0,-37.8194217,144.9829558,0,9.123,15.0654673
ORDC06524,2018-09-21,16:47:19,Dinner,NS,"[('Salmon', 1), ('Pasta', 7)]",233.5,-37.8201858,144.9578371,0,9.162,15.0474195
ORDY09692,2018-07-11,14:15:12,Lunch,TP,"[('Burger', 10), ('Salad', 2), ('Chicken', 1)]",376.4,-37.8058959,144.9430475,0,10.256,13.7373608
ORDY00835,2018-07-20,14:35:29,Lunch,TP,"[('Burger', 5), ('Steak', 1), ('Salad', 2), ('Fries', 1)]",246.4,-37.8061405,144.9417082,0,10.302,13.3779942
ORDB02158,2018-06-10,13:14:21,Lunch,TP,"[('Salad', 5), ('Fries', 4), ('Chicken', 2), ('Burger', 5)]",353.0,-37.8142345,144.9637244,0,8.028,13.2782948
ORDI08281,2018-02-26,09:51:32,Breakfast,NS,"[('Coffee', 9), ('Cereal', 7)]",214.5,-37.8148697,144.9590518,0,5.708,11.082647
ORDK09392,2018-03-03,10:01:41,Breakfast,BK,"[('Cereal', 7), ('Pancake', 1), ('Coffee', 6), ('Eggs', 9)]",414.25,-37.8251397,144.9483501,0,9.399,16.8538082
ORDC07675,2018-03-21,10:32:06,Breakfast,NS,"[('Coffee', 1), ('Pancake', 5), ('Eggs', 6)]",260.75,-37.8150344,144.9605564,0,8.311,13.1726844
ORDA05229,2018-12-05,19:09:17,Dinner,BK,"[('Pasta', 3), ('Shrimp', 2), ('Salmon', 4), ('Fish&Chips', 1)]",389.5,-37.8188407,144.9553643,0,8.586,14.9041771
ORDJ06307,2018-08-22,15:46:28,Lunch,TP,"[('Chicken', 1), ('Fries', 4)]",80.0,-37.8187213,144.9681905,0,7.653,11.2249833
ORDC08053,2018-06-05,13:04:13,Lunch,NS,"[('Chicken', 10), ('Burger', 5), ('Steak', 7), ('Fries', 8), ('Salad', 8)]",1023.6,-37.8236397,145.0100076,0,11.407,17.1433301
ORDB00244,2018-03-21,10:32:06,Breakfast,TP,"[('Coffee', 2), ('Pancake', 9), ('Eggs', 7)]",387.25,-37.8160413,144.9610111,0,8.106,10.5960429
ORDI06009,2018-08-24,15:46:28,Lunch,NS,"[('Fries', 4), ('Steak', 4), ('Chicken', 2), ('Salad', 1), ('Burger', 4)]",433.2,-37.8176179,144.9690451,0,8.681,14.40753
ORDC05798,2018-09-15,16:27:02,Dinner,NS,"[('Shrimp', 5), ('Salmon', 1), ('Pasta', 2)]",366.0,-37.8149101,144.958935,0,5.72,13.944377
ORDJ09062,2018-06-11,13:14:21,Lunch,TP,"[('Chicken', 10), ('Salad', 5), ('Steak', 1), ('Burger', 4)]",575.0,-37.8037072,144.9622566,0,9.389,12.4708908
ORDB05253,2018-08-31,15:56:37,Lunch,TP,"[('Steak', 9), ('Salad', 7), ('Burger', 6)]",711.4,-37.8078557,144.9612233,0,8.818,12.5807105
ORDC08892,2018-08-01,14:55:46,Lunch,NS,"[('Burger', 2), ('Steak', 6), ('Chicken', 4)]",460.0,-37.7990524,144.9702982,0,6.262,11.5591249
ORDB03360,2018-02-11,09:21:07,Breakfast,TP,"[('Cereal', 7), ('Pancake', 7), ('Eggs', 5)]",426.75,-37.8120609,144.9704131,0,8.656,13.0290363
ORDK06846,2018-02-25,09:41:24,Breakfast,BK,"[('Cereal', 1), ('Pancake', 6), ('Eggs', 8)]",342.5,-37.8203864,144.9753197,0,7.396,14.8148247
ORDK05009,2018-01-25,08:40:33,Breakfast,BK,"[('Cereal', 3), ('Coffee', 3), ('Pancake', 6)]",231.0,-37.822551,144.9938715,0,5.742,10.5671048
ORDY09305,2018-06-06,13:04:13,Lunch,TP,"[('Burger', 6), ('Chicken', 4), ('Fries', 2), ('Salad', 9), ('Steak', 9)]",897.8,-37.8046982,144.9615629,0,12.087,15.5408401
ORDZ10915,2018-06-22,13:34:38,Lunch,NS,"[('Chicken', 9), ('Burger', 6), ('Fries', 6)]",546.0,-37.8160234,144.9370723,0,10.002,15.4629476
ORDZ01453,2018-08-01,14:55:46,Lunch,NS,"[('Chicken', 6), ('Steak', 1), ('Burger', 3), ('Salad', 2)]",364.4,-37.7990524,144.9702982,0,6.262,11.501834
ORDB04411,2018-10-12,17:27:53,Dinner,TP,"[('Fish&Chips', 5), ('Shrimp', 9)]",661.0,-37.8088649,144.9451412,0,9.876,13.2103576
ORDB05080,2018-05-25,12:43:56,Lunch,TP,"[('Burger', 9), ('Fries', 1), ('Steak', 5), ('Salad', 7), ('Chicken', 7)]",860.4,-37.7980831,144.9875429,0,11.079,14.0002696
ORDI05640,2018-03-26,10:42:15,Breakfast,NS,"[('Cereal', 2), ('Eggs', 5)]",152.0,-37.8113936,144.9830234,0,8.157,13.7303185
ORDZ07441,2018-06-30,13:54:55,Lunch,NS,"[('Fries', 5), ('Burger', 2)]",122.0,-37.8223332,144.9969724,0,10.161,17.4988606
ORDA00764,2018-06-08,13:14:21,Lunch,BK,"[('Chicken', 9), ('Burger', 3), ('Fries', 3)]",417.0,-37.81317,144.95144,0,8.974,14.3450239
ORDI03525,2018-05-26,12:43:56,Lunch,NS,"[('Steak', 10), ('Chicken', 9), ('Burger', 9)]",1017.0,-37.8069803,145.0147676,0,10.403,18.0995361
ORDA03151,2018-12-11,19:29:34,Dinner,BK,"[('Fish&Chips', 8), ('Pasta', 6), ('Salmon', 6), ('Shrimp', 6)]",1015.0,-37.8202905,144.9576071,0,8.347,15.0792214
ORDA01436,2018-03-05,10:01:41,Breakfast,BK,"[('Coffee', 5), ('Eggs', 3), ('Pancake', 1)]",127.75,-37.8027124,144.9651559,0,7.626,13.1311616
ORDJ00673,2018-01-16,08:30:25,Breakfast,TP,"[('Eggs', 1), ('Coffee', 7), ('Cereal', 7)]",221.5,-37.8140202,144.9644381,1,8.078,5.4887093
ORDK05685,2018-02-21,09:41:24,Breakfast,BK,"[('Pancake', 4), ('Eggs', 4), ('Cereal', 5), ('Coffee', 1)]",297.5,-37.8031686,144.9959577,0,5.211,10.5870963
ORDZ02115,2018-08-07,15:16:03,Lunch,NS,"[('Fries', 6), ('Burger', 1), ('Salad', 4)]",171.8,-37.8112181,144.9583727,0,7.94,13.5643773
ORDZ03831,2018-05-15,12:23:39,Lunch,NS,"[('Burger', 7), ('Steak', 4), ('Fries', 3)]",433.0,-37.8181848,144.9645277,0,8.532,14.0919283
ORDJ00091,2018-03-20,10:32:06,Breakfast,TP,"[('Coffee', 7), ('Pancake', 9), ('Cereal', 6), ('Eggs', 8)]",572.75,-37.8099121,144.9585577,0,8.797,11.5587078
ORDC02637,2018-01-19,08:30:25,Breakfast,NS,"[('Pancake', 9), ('Cereal', 4)]",302.25,-37.822123,144.9802501,1,8.927,6.5675973
ORDA09053,2018-06-29,13:54:55,Lunch,BK,"[('Salad', 10), ('Fries', 6), ('Steak', 8)]",604.0,-37.8192211,144.9733815,0,7.642,13.1258204
ORDZ04419,2018-03-24,10:42:15,Breakfast,NS,"[('Eggs', 4), ('Coffee', 5)]",125.5,-37.8199883,145.0127302,0,11.266,18.1062099
ORDJ00400,2018-06-13,13:24:30,Lunch,TP,"[('Burger', 8), ('Steak', 7), ('Salad', 9), ('Chicken', 2), ('Fries', 3)]",817.8,-37.7998964,144.9289558,0,11.787,14.6729714
ORDA04749,2018-10-27,17:48:10,Dinner,BK,"[('Shrimp', 9), ('Pasta', 10), ('Fish&Chips', 7), ('Salmon', 8)]",1334.0,-37.8186056,144.9991443,0,4.954,14.0440065
ORDI08738,2018-06-18,13:34:38,Lunch,NS,"[('Steak', 10), ('Fries', 6), ('Burger', 3), ('Salad', 9)]",769.8,-37.8229927,145.0065988,0,11.09,16.5596333
ORDY05762,2018-10-07,17:17:44,Dinner,TP,"[('Fish&Chips', 10), ('Salmon', 4), ('Shrimp', 4), ('Pasta', 6)]",895.0,-37.819802,144.9612877,0,7.587,13.3456898
ORDJ04957,2018-01-22,08:40:33,Breakfast,TP,"[('Cereal', 1), ('Eggs', 7), ('Pancake', 8), ('Coffee', 7)]",421.5,-37.8224721,144.9828079,0,8.779,11.1532441
ORDJ00208,2018-07-28,14:55:46,Lunch,TP,"[('Chicken', 6), ('Steak', 10)]",642.0,-37.8048891,144.9880041,0,10.569,15.2735629
ORDX09994,2018-01-22,08:40:33,Breakfast,BK,"[('Eggs', 2), ('Cereal', 7), ('Coffee', 8), ('Pancake', 5)]",372.25,-37.8022115,144.9767201,0,6.905,11.6980513
ORDJ09694,2018-11-03,18:08:27,Dinner,TP,"[('Pasta', 8), ('Salmon', 2), ('Fish&Chips', 8)]",582.0,-37.8113498,144.9522432,0,9.087,14.6537853
ORDY09502,2018-10-29,17:58:18,Dinner,TP,"[('Shrimp', 4), ('Pasta', 1), ('Fish&Chips', 4), ('Salmon', 2)]",465.5,-37.8196913,144.9810772,0,8.863,12.6269985
ORDJ02173,2018-05-17,12:23:39,Lunch,TP,"[('Salad', 4), ('Fries', 7), ('Burger', 2), ('Chicken', 3)]",310.8,-37.821596,144.9307061,0,10.396,13.4454071
ORDY08130,2018-12-25,19:49:51,Dinner,TP,"[('Shrimp', 8), ('Fish&Chips', 4), ('Pasta', 10), ('Salmon', 6)]",1093.0,-37.8220125,144.9694765,0,7.829,12.569612
ORDC10752,2018-02-16,09:31:16,Breakfast,NS,"[('Coffee', 5), ('Eggs', 3), ('Cereal', 7), ('Pancake', 8)]",444.5,-37.8208845,144.9548011,0,9.406,14.18136
ORDB09590,2018-04-17,11:32:57,Breakfast,TP,"[('Cereal', 9), ('Coffee', 9), ('Eggs', 2), ('Pancake', 6)]",446.0,-37.813292,144.9739203,0,8.62,10.9730042
ORDI02567,2018-12-30,20:00:00,Dinner,NS,"[('Salmon', 5), ('Fish&Chips', 7)]",450.0,-37.8049802,144.9249672,0,10.833,18.8096062
ORDK02371,2018-01-07,08:10:08,Breakfast,BK,"[('Cereal', 1), ('Pancake', 4)]",118.0,-37.81321,144.9375063,1,10.15,9.1690646
ORDC01916,2018-05-27,12:43:56,Lunch,NS,"[('Steak', 6), ('Burger', 2), ('Salad', 5)]",418.0,-37.8145859,144.9934439,0,9.344,17.2695279
ORDZ08040,2018-12-05,19:09:17,Dinner,NS,"[('Fish&Chips', 7), ('Pasta', 10)]",520.0,-37.8187444,144.9548791,0,9.108,14.8344102
ORDY05144,2018-10-06,17:07:36,Dinner,TP,"[('Fish&Chips', 7), ('Salmon', 3), ('Pasta', 7), ('Shrimp', 10)]",1100.5,-37.8059569,144.9644642,0,9.158,14.4176934
ORDZ03835,2018-04-30,11:53:14,Breakfast,NS,"[('Pancake', 3), ('Cereal', 5), ('Coffee', 4), ('Eggs', 4)]",295.75,-37.8187425,144.9532489,0,9.224,14.7838625
ORDI02540,2018-09-30,16:57:27,Dinner,NS,"[('Fish&Chips', 4), ('Shrimp', 9)]",626.0,-37.8242077,144.9905383,0,9.628,17.5795212
ORDX04967,2018-06-19,13:34:38,Lunch,BK,"[('Burger', 4), ('Fries', 5)]",184.0,-37.8227517,145.0039638,0,4.908,10.4680963
ORDA04202,2018-10-31,17:58:18,Dinner,BK,"[('Pasta', 2), ('Salmon', 10), ('Fish&Chips', 5)]",640.0,-37.8119833,144.9614346,0,7.773,14.7882046
ORDC07697,2018-06-07,13:14:21,Lunch,NS,"[('Chicken', 7), ('Steak', 8), ('Salad', 9)]",738.8,-37.8253383,144.9585212,0,9.857,14.9537491
ORDB03743,2018-08-07,15:16:03,Lunch,TP,"[('Fries', 4), ('Chicken', 4)]",176.0,-37.8228935,144.9838015,0,8.879,12.3809662
ORDZ01592,2018-01-27,08:50:42,Breakfast,NS,"[('Coffee', 5), ('Pancake', 1)]",61.75,-37.8097993,144.9359663,0,10.012,17.3785695
ORDI02101,2018-05-24,12:43:56,Lunch,NS,"[('Salad', 7), ('Burger', 7), ('Chicken', 3)]",433.4,-37.8223824,144.9798417,0,8.952,14.5909424
ORDK06597,2018-03-26,10:42:15,Breakfast,BK,"[('Pancake', 4), ('Coffee', 6), ('Eggs', 10)]",362.0,-37.8040996,144.9738286,0,6.902,11.2611932
ORDK04480,2018-12-20,19:39:43,Dinner,BK,"[('Shrimp', 10), ('Fish&Chips', 8)]",820.0,-37.8211236,144.9549655,0,8.598,15.5779831
ORDI07606,2018-02-06,09:10:59,Breakfast,NS,"[('Pancake', 6), ('Eggs', 8), ('Coffee', 1), ('Cereal', 7)]",476.0,-37.8220435,144.9799504,0,8.899,14.0945979
ORDB00098,2018-12-10,19:19:26,Dinner,TP,"[('Shrimp', 3), ('Salmon', 4), ('Pasta', 9)]",573.5,-37.812584,144.9726157,0,8.699,12.9611373
ORDB06588,2018-08-14,15:26:11,Lunch,TP,"[('Salad', 7), ('Steak', 5), ('Burger', 10)]",655.4,-37.8129024,144.9723661,0,8.691,11.5554043
ORDA09159,2018-11-29,18:59:09,Dinner,BK,"[('Pasta', 6), ('Shrimp', 2), ('Fish&Chips', 9), ('Salmon', 3)]",711.0,-37.8090838,144.9555017,0,8.184,14.9367039
ORDC06843,2018-03-08,10:11:49,Breakfast,NS,"[('Cereal', 10), ('Coffee', 9)]",277.5,-37.8186886,144.9839778,0,8.972,14.3269218
ORDI03215,2018-10-07,17:17:44,Dinner,NS,"[('Pasta', 6), ('Shrimp', 9)]",651.0,-37.802607,144.9658681,0,6.7,14.3165849
ORDC01367,2018-04-16,11:22:49,Breakfast,NS,"[('Cereal', 7), ('Coffee', 2), ('Pancake', 7)]",331.75,-37.8135903,144.9572938,0,8.274,12.822391
ORDI04076,2018-10-25,17:48:10,Dinner,NS,"[('Shrimp', 6), ('Fish&Chips', 9), ('Salmon', 4)]",803.0,-37.8077662,144.9698506,0,7.03,12.5367855
ORDA07016,2018-06-23,13:44:47,Lunch,BK,"[('Salad', 3), ('Burger', 8), ('Chicken', 8), ('Steak', 10), ('Fries', 4)]",1053.6,-37.8004785,145.0183699,0,5.534,13.8036045
ORDJ06313,2018-10-18,17:38:01,Dinner,TP,"[('Fish&Chips', 6), ('Pasta', 8)]",430.0,-37.8187208,144.967189,0,7.571,11.7961434
ORDI00788,2018-01-28,08:50:42,Breakfast,NS,"[('Eggs', 3), ('Coffee', 6), ('Pancake', 5), ('Cereal', 3)]",295.25,-37.8246362,144.9568396,0,9.698,16.998345
ORDC03911,2018-11-16,18:38:52,Dinner,NS,"[('Fish&Chips', 6), ('Shrimp', 2), ('Pasta', 6)]",483.0,-37.80113,144.9627214,0,6.909,12.8063484
ORDY04405,2018-05-02,11:53:14,Breakfast,TP,"[('Cereal', 7), ('Coffee', 7)]",199.5,-37.8058079,144.9460617,0,9.956,12.9605211
ORDY10193,2018-05-05,12:03:22,Lunch,TP,"[('Burger', 8), ('Chicken', 10), ('Steak', 5)]",793.0,-37.8004243,144.9598831,0,9.794,14.0725064
ORDZ00097,2018-07-11,14:15:12,Lunch,NS,"[('Chicken', 7), ('Steak', 8), ('Salad', 4)]",652.8,-37.8058003,144.9430641,0,9.155,14.6000759
ORDK01286,2018-06-27,13:54:55,Lunch,BK,"[('Salad', 3), ('Steak', 4), ('Chicken', 8), ('Fries', 4)]",535.6,-37.8042149,145.006086,0,5.493,11.0784792
ORDC03204,2018-03-25,10:42:15,Breakfast,TP,"[('Cereal', 5), ('Pancake', 5)]",226.25,-37.814614,144.9498952,0,9.81,16.9535218
ORDA10017,2018-09-02,16:06:45,Dinner,BK,"[('Shrimp', 10), ('Pasta', 5), ('Fish&Chips', 4)]",817.5,-37.8148219,144.9607949,0,7.948,16.822793
ORDI10106,2018-02-24,09:41:24,Breakfast,NS,"[('Eggs', 8), ('Coffee', 1), ('Cereal', 10)]",393.5,-37.8051279,144.9305831,0,10.297,17.3428393
ORDK01439,2018-08-05,15:05:54,Lunch,BK,"[('Steak', 3), ('Burger', 5)]",290.0,-37.8030948,144.9494928,0,8.739,17.3816427
ORDB07750,2018-09-06,16:16:54,Dinner,TP,"[('Shrimp', 8), ('Fish&Chips', 1)]",467.0,-37.8190503,144.9768798,0,8.596,12.8728264
ORDI10103,2018-11-08,18:18:35,Dinner,NS,"[('Shrimp', 4), ('Salmon', 9), ('Pasta', 8), ('Fish&Chips', 8)]",1085.0,-37.8135427,144.9905938,0,8.955,14.9184008
ORDI00977,2018-08-01,14:55:46,Lunch,NS,"[('Burger', 8), ('Steak', 1), ('Fries', 8), ('Salad', 2)]",423.4,-37.8187356,144.9166239,0,11.053,16.5662418
ORDZ09549,2018-06-09,13:14:21,Lunch,NS,"[('Burger', 10), ('Fries', 2), ('Steak', 5), ('Chicken', 5), ('Salad', 10)]",891.0,-37.8204355,144.9841682,0,9.203,16.5529337
ORDZ09175,2018-08-22,15:46:28,Lunch,NS,"[('Burger', 4), ('Chicken', 1), ('Steak', 7), ('Salad', 1)]",488.2,-37.8141994,144.9497243,0,10.404,15.9482641
ORDA06946,2018-05-31,12:54:05,Lunch,BK,"[('Salad', 6), ('Chicken', 8), ('Steak', 4), ('Burger', 2)]",601.2,-37.8155142,144.9738261,0,6.807,13.0222385
ORDB10003,2018-06-26,13:44:47,Lunch,TP,"[('Fries', 1), ('Chicken', 6), ('Burger', 9), ('Salad', 10)]",655.0,-37.8254119,144.9846648,0,8.983,12.0764117
ORDA07784,2018-12-04,19:09:17,Dinner,BK,"[('Pasta', 8), ('Shrimp', 1)]",274.0,-37.8107635,145.0122618,0,4.125,10.5666084
ORDK10127,2018-10-08,17:17:44,Dinner,BK,"[('Fish&Chips', 2), ('Shrimp', 4), ('Salmon', 8), ('Pasta', 7)]",806.5,-37.817572,144.9591298,0,8.226,15.0100437
ORDX00621,2018-03-12,10:11:49,Breakfast,BK,"[('Pancake', 4), ('Coffee', 8)]",157.0,-37.8246201,144.9797378,0,7.329,12.8278054
ORDZ05640,2018-05-11,12:13:31,Lunch,NS,"[('Salad', 6), ('Chicken', 1), ('Burger', 9), ('Fries', 1)]",426.2,-37.825186,144.9538844,0,10.367,15.9033232
ORDJ08291,2018-10-02,17:07:36,Dinner,TP,"[('Shrimp', 4), ('Salmon', 4), ('Fish&Chips', 2), ('Pasta', 1)]",477.5,-37.8133986,144.9841776,0,9.465,13.4515245
ORDA06981,2018-08-07,15:16:03,Lunch,BK,"[('Chicken', 3), ('Burger', 6)]",282.0,-37.8111271,144.9583094,0,7.911,14.1235064
ORDJ09806,2018-08-06,15:05:54,Lunch,TP,"[('Steak', 8), ('Salad', 2), ('Burger', 7), ('Chicken', 7)]",835.4,-37.8111877,144.9674548,0,8.629,12.4779112
ORDJ05733,2018-03-25,10:42:15,Breakfast,TP,"[('Coffee', 9), ('Eggs', 1), ('Cereal', 7)]",236.5,-37.810106,144.9555752,0,8.854,12.5757194
ORDA08494,2018-08-24,15:46:28,Lunch,BK,"[('Salad', 4), ('Steak', 5), ('Chicken', 1), ('Fries', 10)]",445.8,-37.8176179,144.9690451,0,7.741,13.3264508
ORDC04458,2018-03-26,10:42:15,Breakfast,NS,"[('Cereal', 9), ('Pancake', 10), ('Eggs', 5), ('Coffee', 6)]",586.5,-37.8252008,144.9462692,0,10.324,14.9854396
ORDC06884,2018-08-05,15:05:54,Lunch,NS,"[('Chicken', 1), ('Salad', 7), ('Burger', 2), ('Steak', 5)]",439.4,-37.8056135,144.9296361,0,10.419,17.4732465
ORDZ02145,2018-05-18,12:33:48,Lunch,NS,"[('Fries', 7), ('Salad', 4), ('Steak', 1)]",197.8,-37.8029722,144.9579912,0,7.548,13.4389659
ORDB05331,2018-08-16,15:26:11,Lunch,TP,"[('Salad', 7), ('Steak', 7), ('Burger', 10), ('Chicken', 10), ('Fries', 10)]",1185.4,-37.8113201,145.0004866,0,11.014,13.8207073
ORDZ05955,2018-07-23,14:45:38,Lunch,NS,"[('Chicken', 8), ('Steak', 8), ('Burger', 7)]",833.0,-37.8244094,145.0086985,0,11.351,16.8481987
ORDC06402,2018-02-19,09:31:16,Breakfast,NS,"[('Pancake', 2), ('Coffee', 2)]",63.5,-37.8086441,144.9628946,0,7.535,12.1417313
ORDB10260,2018-10-05,17:07:36,Dinner,TP,"[('Salmon', 1), ('Pasta', 7)]",233.5,-37.8081671,144.9558662,0,9.087,13.3154344
ORDB03838,2018-02-05,09:10:59,Breakfast,TP,"[('Coffee', 3), ('Eggs', 8), ('Pancake', 10)]",441.0,-37.8213827,144.9891057,0,9.471,12.2228108
ORDB09396,2018-04-11,11:12:40,Breakfast,TP,"[('Pancake', 3), ('Eggs', 6), ('Cereal', 1)]",225.75,-37.8229127,144.9873956,0,9.351,12.5964825
ORDI02589,2018-07-23,14:45:38,Lunch,NS,"[('Chicken', 9), ('Fries', 5), ('Burger', 2)]",410.0,-37.8136955,144.9731067,0,7.753,12.6803974
ORDX01009,2018-03-25,10:42:15,Breakfast,BK,"[('Cereal', 1), ('Coffee', 3)]",43.5,-37.8093808,144.9729656,0,6.655,14.3479418
ORDZ04594,2018-07-09,14:15:12,Lunch,NS,"[('Salad', 2), ('Fries', 3), ('Chicken', 6)]",262.4,-37.8023534,144.9630115,0,6.94,12.5024026
ORDK09842,2018-04-17,11:32:57,Breakfast,BK,"[('Pancake', 4), ('Cereal', 5), ('Coffee', 2)]",217.0,-37.8037043,144.9865844,0,5.871,10.1173536
ORDI07901,2018-03-17,10:21:58,Breakfast,NS,"[('Eggs', 2), ('Pancake', 9), ('Cereal', 9)]",451.25,-37.8241912,144.990068,0,9.66,16.5281932
ORDZ05593,2018-10-20,17:38:01,Dinner,NS,"[('Shrimp', 5), ('Pasta', 8), ('Salmon', 10), ('Fish&Chips', 2)]",970.0,-37.8078853,144.9917456,0,8.515,16.771614
ORDK05328,2018-06-08,13:14:21,Lunch,BK,"[('Salad', 5), ('Steak', 9), ('Burger', 10)]",801.0,-37.8040187,144.9491471,0,8.823,14.635792
ORDK06730,2018-11-13,18:28:43,Dinner,BK,"[('Fish&Chips', 7), ('Salmon', 5), ('Pasta', 8), ('Shrimp', 4)]",886.0,-37.821416,144.9444561,0,9.605,16.040017
ORDK08991,2018-08-23,15:46:28,Lunch,BK,"[('Burger', 6), ('Salad', 5), ('Fries', 2)]",296.0,-37.8134313,144.944043,0,9.35,15.355313
ORDI01686,2018-06-04,13:04:13,Lunch,NS,"[('Fries', 2), ('Burger', 10), ('Chicken', 4), ('Salad', 1)]",479.2,-37.8202504,144.9708068,0,8.777,14.3926462
ORDY05939,2018-06-23,13:44:47,Lunch,TP,"[('Fries', 8), ('Steak', 2), ('Salad', 10), ('Chicken', 2), ('Burger', 3)]",515.0,-37.8004785,145.0183699,0,13.622,17.8519441
ORDX10958,2018-06-08,13:14:21,Lunch,BK,"[('Fries', 3), ('Burger', 2), ('Steak', 3)]",233.0,-37.8049012,144.9517174,0,8.552,13.9046746
ORDB05041,2018-03-05,10:01:41,Breakfast,TP,"[('Eggs', 9), ('Coffee', 5)]",235.5,-37.7922014,144.9366421,0,11.977,14.2843481
ORDX08622,2018-07-03,14:05:04,Lunch,BK,"[('Salad', 10), ('Steak', 8), ('Burger', 8), ('Chicken', 5)]",940.0,-37.8075932,144.9629349,0,7.472,13.3919535
ORDI03645,2018-08-20,15:36:20,Lunch,NS,"[('Steak', 2), ('Burger', 3), ('Chicken', 1), ('Salad', 2), ('Fries', 10)]",369.4,-37.8027816,144.9473529,0,8.453,14.0593327
ORDI07733,2018-02-26,09:51:32,Breakfast,NS,"[('Coffee', 9), ('Eggs', 9), ('Pancake', 9)]",483.75,-37.8149911,144.9593497,0,5.709,10.9401808
ORDA03479,2018-09-30,16:57:27,Dinner,BK,"[('Fish&Chips', 6), ('Pasta', 1)]",237.5,-37.8140189,144.9443017,0,9.299,18.4667691
ORDK08814,2018-01-26,08:40:33,Breakfast,BK,"[('Pancake', 1), ('Eggs', 7), ('Cereal', 6), ('Coffee', 10)]",379.25,-37.7994302,144.9801078,0,6.871,12.027297
ORDK07158,2018-05-26,12:43:56,Lunch,BK,"[('Salad', 5), ('Fries', 2), ('Steak', 9), ('Chicken', 1)]",547.0,-37.8060651,144.9800516,0,6.19,14.0165505
ORDX00922,2018-05-12,12:13:31,Lunch,BK,"[('Steak', 5), ('Fries', 6), ('Salad', 9), ('Burger', 8), ('Chicken', 9)]",987.8,-37.8028608,144.9604682,0,7.982,16.2483054
ORDY04900,2018-08-31,15:56:37,Lunch,TP,"[('Burger', 9), ('Chicken', 5), ('Steak', 9), ('Salad', 7)]",964.4,-37.8067574,144.9829273,0,9.911,13.0999197
ORDK09177,2018-12-23,19:49:51,Dinner,BK,"[('Fish&Chips', 4), ('Salmon', 1), ('Shrimp', 6)]",505.0,-37.8185975,145.0049724,0,4.396,12.8337136
ORDJ03366,2018-04-25,11:43:05,Breakfast,TP,"[('Eggs', 2), ('Cereal', 4), ('Pancake', 2), ('Coffee', 6)]",221.5,-37.8190265,144.9525854,0,8.597,11.8059539
ORDK11038,2018-07-20,14:35:29,Lunch,BK,"[('Chicken', 7), ('Steak', 8), ('Fries', 7), ('Salad', 10), ('Burger', 9)]",1119.0,-37.8063045,144.9496603,0,8.686,14.2056836
ORDA00343,2018-01-12,08:20:16,Breakfast,BK,"[('Cereal', 3), ('Eggs', 9)]",261.0,-37.8078584,144.9728963,1,6.537,5.9632801
ORDJ03508,2018-05-16,12:23:39,Lunch,TP,"[('Burger', 2), ('Salad', 7), ('Chicken', 2), ('Fries', 4)]",294.4,-37.8059281,144.9389586,0,10.586,13.5866804
ORDI02734,2018-11-13,18:28:43,Dinner,NS,"[('Pasta', 4), ('Shrimp', 9)]",596.0,-37.8062948,144.9442734,0,9.046,15.5788941
ORDJ01967,2018-12-08,19:19:26,Dinner,TP,"[('Pasta', 7), ('Salmon', 5), ('Shrimp', 6)]",721.5,-37.8242333,144.9537568,0,8.177,14.2078742
ORDK00333,2018-01-17,08:30:25,Breakfast,BK,"[('Eggs', 5), ('Pancake', 10), ('Cereal', 6)]",478.5,-37.8124393,144.9734909,1,6.812,5.8082703
ORDX01541,2018-04-17,11:22:49,Breakfast,BK,"[('Cereal', 10), ('Eggs', 5), ('Pancake', 1)]",344.25,-37.8052211,144.9692373,0,7.03,12.2271705
ORDK03487,2018-11-20,18:38:52,Dinner,BK,"[('Salmon', 8), ('Fish&Chips', 1), ('Shrimp', 3), ('Pasta', 2)]",580.0,-37.8197918,145.0149028,0,4.378,10.8699739
ORDI04351,2018-10-23,17:48:10,Dinner,NS,"[('Pasta', 3), ('Salmon', 2), ('Fish&Chips', 3)]",269.5,-37.808466,144.9480456,0,8.8,14.4214095
ORDC04558,2018-11-18,18:38:52,Dinner,NS,"[('Pasta', 7), ('Salmon', 8), ('Shrimp', 6), ('Fish&Chips', 8)]",1124.5,-37.818758,145.0068563,0,10.755,19.0214413
ORDJ02233,2018-01-26,08:50:42,Breakfast,TP,"[('Pancake', 10), ('Coffee', 10), ('Eggs', 7)]",471.5,-37.8248453,144.98898,0,9.253,12.7437753
ORDJ09982,2018-02-06,09:10:59,Breakfast,TP,"[('Eggs', 3), ('Pancake', 6), ('Coffee', 3)]",234.0,-37.8224018,144.9373722,0,9.773,12.5666531
ORDZ05268,2018-03-20,10:32:06,Breakfast,NS,"[('Cereal', 6), ('Eggs', 3), ('Pancake', 9)]",410.25,-37.8102245,144.9578222,0,8.03,13.2210446
ORDA05483,2018-10-24,17:48:10,Dinner,BK,"[('Fish&Chips', 1), ('Salmon', 2), ('Pasta', 8), ('Shrimp', 4)]",553.0,-37.8104114,144.9615968,0,7.843,14.5217021
ORDB06837,2018-10-04,17:07:36,Dinner,TP,"[('Salmon', 9), ('Shrimp', 3), ('Pasta', 6)]",696.0,-37.819477,145.0147958,0,12.042,16.2176465
ORDK03997,2018-11-22,18:49:00,Dinner,BK,"[('Salmon', 8), ('Shrimp', 5), ('Pasta', 9), ('Fish&Chips', 5)]",1020.5,-37.8113535,144.9731957,0,6.791,13.4277492
ORDX00942,2018-07-28,14:55:46,Lunch,BK,"[('Steak', 8), ('Chicken', 7), ('Burger', 9), ('Salad', 5), ('Fries', 8)]",1045.0,-37.8132167,144.9484308,0,10.293,18.5147207
ORDB02748,2018-05-04,12:03:22,Lunch,TP,"[('Chicken', 4), ('Salad', 2), ('Fries', 2)]",186.4,-37.8066747,144.9583444,0,9.056,12.2203123
ORDA06190,2018-03-17,10:21:58,Breakfast,BK,"[('Cereal', 5), ('Eggs', 5)]",215.0,-37.8187991,144.9573256,0,8.426,15.8155951
ORDA09883,2018-07-12,14:25:21,Lunch,BK,"[('Steak', 6), ('Chicken', 6), ('Salad', 1), ('Fries', 6), ('Burger', 2)]",613.2,-37.8174936,145.0040173,0,4.379,10.4214136
ORDX05911,2018-08-21,15:36:20,Lunch,BK,"[('Burger', 1), ('Salad', 8), ('Steak', 3), ('Chicken', 9), ('Fries', 6)]",663.6,-37.8233466,144.9885053,0,6.383,12.4902946
ORDK06787,2018-11-05,18:08:27,Dinner,BK,"[('Salmon', 1), ('Fish&Chips', 8)]",321.0,-37.8162727,144.9639596,0,7.77,14.7460865
ORDY01066,2018-01-27,08:50:42,Breakfast,TP,"[('Eggs', 5), ('Pancake', 6), ('Cereal', 4)]",339.5,-37.8198936,144.9526628,0,8.764,12.5885567
ORDX10892,2018-01-18,08:30:25,Breakfast,BK,"[('Pancake', 10), ('Eggs', 7)]",396.5,-37.8236375,144.9405157,1,10.122,7.3557038
ORDB01030,2018-12-20,19:39:43,Dinner,TP,"[('Fish&Chips', 1), ('Shrimp', 9), ('Pasta', 8), ('Salmon', 10)]",1151.0,-37.8141705,144.9595405,0,8.403,12.8728449
ORDI05478,2018-09-28,16:57:27,Dinner,NS,"[('Fish&Chips', 4), ('Salmon', 1), ('Pasta', 5)]",318.5,-37.816696,144.9987911,0,9.943,16.1226637
ORDC00131,2018-10-23,17:48:10,Dinner,NS,"[('Pasta', 10), ('Shrimp', 8), ('Fish&Chips', 6), ('Salmon', 4)]",1081.0,-37.8197515,144.9697679,0,8.71,15.0404257
ORDX10208,2018-10-03,17:07:36,Dinner,BK,"[('Shrimp', 6), ('Fish&Chips', 6), ('Salmon', 5), ('Pasta', 6)]",904.0,-37.8132701,144.9549523,0,8.32,15.1923039
